Fecha,Turno,Terminal,Contenedor,Cliente,Booking,Operacion,Fecha Ingreso,idcont,e-tally
2024-12-17,12:00,Terminal 4,MSKU-703187-9,Mercovan Argentina Srl,245709409,TD,2024-12-17,1047,http://dassa.mqbic.com/PublicTally.php?id=1047
2024-12-18,10:00,TRP,TRHU-170051-7,Mercovan Argentina Srl,IBC1268388,TD,2024-12-18,1055,http://dassa.mqbic.com/PublicTally.php?id=1055
2024-12-30,19:00,TRP,CMAU-271236-0,Mercovan Argentina Srl,SSN109858,TD,2024-12-30,1108,http://dassa.mqbic.com/PublicTally.php?id=1108
2025-01-02,12:00,Terminal 4,FANU-324988-4,Mercovan Argentina Srl,HLCUBSC241207530,T,2025-01-02,,
2025-01-10,15:00,Exolgan,UACU-859469-4,Mercovan Argentina Srl,HLCUHAM2410BIGQ0,TD,2025-01-10,1198,http://dassa.mqbic.com/PublicTally.php?id=1198
2025-01-10,15:00,Exolgan,UACU-859469-4,Mercovan Argentina Srl,HLCUHAM2410BIGQ0,TD,2025-01-10,1198,http://dassa.mqbic.com/PublicTally.php?id=1198
2025-01-10,15:00,Exolgan,UACU-859469-4,Mercovan Argentina Srl,HLCUHAM2410BIGQ0,TD,2025-01-10,1198,http://dassa.mqbic.com/PublicTally.php?id=1198
2025-04-09,08:00,TRP,CSNU-628936-0,Mercovan Argentina Srl,OOLU2306156030,TD,2025-04-09,1690,http://dassa.mqbic.com/PublicTally.php?id=1690
2025-04-11,13:00,Terminal 4,MRKU-093612-2,Mercovan Argentina Srl,250074906,TD,2025-04-11,1695,http://dassa.mqbic.com/PublicTally.php?id=1695
2025-04-08,16:00,TRP,OOCU-494297-0,Mercovan Argentina Srl,COSU6405390870,TD,2025-04-08,1685,http://dassa.mqbic.com/PublicTally.php?id=1685
2025-04-09,05:00,Exolgan,HLBU-123189-0,Mercovan Argentina Srl,HLCULIV250226693,TD,2025-04-09,1686,http://dassa.mqbic.com/PublicTally.php?id=1686
2025-04-09,19:00,TRP,NYKU-852726-0,Mercovan Argentina Srl,ONEYLIVF04296700,TD,2025-04-09,1693,http://dassa.mqbic.com/PublicTally.php?id=1693
2025-04-09,19:00,TRP,OOCU-061393-4,Mercovan Argentina Srl,COSU6409582760,TD,2025-04-09,1694,http://dassa.mqbic.com/PublicTally.php?id=1694
2025-03-28,15:00,TRP,CMAU-264786-0,Mercovan Argentina Srl,SSZ110981RCS,TD,2025-03-28,1646,http://dassa.mqbic.com/PublicTally.php?id=1646
2025-04-03,16:00,TRP,TEMU-175517-8,Mercovan Argentina Srl,HDMUSELM25153500,TD,2025-04-03,1667,http://dassa.mqbic.com/PublicTally.php?id=1667
2025-04-04,05:00,Exolgan,FCIU-474809-5,Mercovan Argentina Srl,HLCUME3250162708,TD,2025-04-05,1675,http://dassa.mqbic.com/PublicTally.php?id=1675
2025-04-07,15:00,TRP,TLLU-832938-6,Mercovan Argentina Srl,SSZ111561RCS,TD,2025-04-07,1678,http://dassa.mqbic.com/PublicTally.php?id=1678
2025-04-07,15:00,TRP,TLLU-832938-6,Mercovan Argentina Srl,SSZ111561RCS,TD,2025-04-07,1678,http://dassa.mqbic.com/PublicTally.php?id=1678
2025-03-19,15:00,Exolgan,HLBU-137125-3,Mercovan Argentina Srl,HLCUME3241258426,TD,2025-03-19,1602,http://dassa.mqbic.com/PublicTally.php?id=1602
2025-03-19,,10074,MSNU-218174-1,Mercovan Argentina Srl,EBKG11967055,TD,,,
2025-03-12,15:00,TRP,KOCU-218546-6,Mercovan Argentina Srl,HDMUSELM51209300,TD,2025-03-12,1547,http://dassa.mqbic.com/PublicTally.php?id=1547
2025-03-13,15:00,TRP,CSNU-402528-6,Mercovan Argentina Srl,OOLU2755584730,TD,2025-03-13,1565,http://dassa.mqbic.com/PublicTally.php?id=1565
2025-02-26,16:00,Terminal 4,CAAU-644879-5,Mercovan Argentina Srl,FE2504062313PEFBUE,TD,2025-02-26,1439,http://dassa.mqbic.com/PublicTally.php?id=1439
2025-02-28,21:00,TRP,TCKU-227749-0,Mercovan Argentina Srl,IBC1285230,T,2025-03-01,,
2025-02-28,21:00,TRP,CAIU-496173-3,Mercovan Argentina Srl,029S289001307,TD,2025-03-01,1465,http://dassa.mqbic.com/PublicTally.php?id=1465
2025-02-28,21:00,TRP,CAIU-496173-3,Mercovan Argentina Srl,029S289001307,TD,2025-03-01,1465,http://dassa.mqbic.com/PublicTally.php?id=1465
2025-03-07,15:00,TRP,APZU-460315-1,Mercovan Argentina Srl,MXO0719782,TD,2025-03-07,1517,http://dassa.mqbic.com/PublicTally.php?id=1517
2025-02-14,07:00,Exolgan,TEMU-546608-6,Mercovan Argentina Srl,HLCUSS5241178906,TD,2025-02-14,1361,http://dassa.mqbic.com/PublicTally.php?id=1361
2025-02-18,11:00,Exolgan,FTAU-132589-1,Mercovan Argentina Srl,ONEYRICESC657600,TD,2025-02-18,1357,http://dassa.mqbic.com/PublicTally.php?id=1357
2025-02-18,13:00,Exolgan,ONEU-522689-3,Mercovan Argentina Srl,ONEYRICETM225400,TD,2025-02-18,1360,http://dassa.mqbic.com/PublicTally.php?id=1360
2025-02-19,07:00,Exolgan,HLBU-273260-1,Mercovan Argentina Srl,HLCUSS250167427,TD,2025-02-19,1366,http://dassa.mqbic.com/PublicTally.php?id=1366
2025-02-14,07:00,Exolgan,TEMU-546608-6,Mercovan Argentina Srl,HLCUSS5241178906,TD,2025-02-14,1361,http://dassa.mqbic.com/PublicTally.php?id=1361
2025-02-06,15:00,Exolgan,UACU-846655-9,Mercovan Argentina Srl,HLCUPB3241200040,TD,2025-02-06,1313,http://dassa.mqbic.com/PublicTally.php?id=1313
2025-02-06,13:00,Exolgan,TCNU-492615-0,Mercovan Argentina Srl,ONEYRICEQC496500,TD,2025-02-06,1312,http://dassa.mqbic.com/PublicTally.php?id=1312
2025-02-11,18:00,TRP,OOLU-194374-7,Mercovan Argentina Srl,COSU6402414960,TD,2025-02-11,1336,http://dassa.mqbic.com/PublicTally.php?id=1336
2025-02-11,18:00,TRP,OOLU-194374-7,Mercovan Argentina Srl,COSU6402414960,TD,2025-02-11,1336,http://dassa.mqbic.com/PublicTally.php?id=1336
2025-02-12,11:00,Exolgan,HAMU-122349-3,Mercovan Argentina Srl,HLCUHAM2411BBCK1,TD,2025-02-12,1337,http://dassa.mqbic.com/PublicTally.php?id=1337
2025-02-05,12:00,TRP,GLDU-954833-6,Mercovan Argentina Srl,ONEYRTME39724800,TD,2025-02-05,1295,http://dassa.mqbic.com/PublicTally.php?id=1295
2025-01-14,13:00,Exolgan,GCXU-234829-8,Mercovan Argentina Srl,HLCUPN4241257780,TD,2025-01-14,1219,http://dassa.mqbic.com/PublicTally.php?id=1219
2025-01-17,07:00,Terminal 4,MSKU-559804-0,Mercovan Argentina Srl,247358180,TD,2025-01-17,1225,http://dassa.mqbic.com/PublicTally.php?id=1225
2025-01-17,07:00,Terminal 4,MSKU-559804-0,Mercovan Argentina Srl,247358180,TD,2025-01-17,1225,http://dassa.mqbic.com/PublicTally.php?id=1225
2025-01-23,10:00,Terminal 4,MRKU-011555-4,Mercovan Argentina Srl,246708662,TD,2025-01-23,1246,http://dassa.mqbic.com/PublicTally.php?id=1246
2025-01-30,10:00,Terminal 4,MRSU-445477-5,Mercovan Argentina Srl,IFS00252124,TD,2025-01-30,1272,http://dassa.mqbic.com/PublicTally.php?id=1272
2024-12-17,12:00,Terminal 4,MRKU-900086-0,Lift Van Int. Co S.A,243923523,TD,2024-12-17,1048,http://dassa.mqbic.com/PublicTally.php?id=1048
2024-12-19,10:00,Terminal 4,UACU-377340-2,Lift Van Int. Co S.A,HLCUBSC2409BODG9,T,2024-12-19,,
2024-12-20,11:00,TRP,CMAU-025449-0,Lift Van Int. Co S.A,IBC1268565,T,2024-12-20,,
2024-12-28,05:00,Exolgan,BEAU-217906-3,Lift Van Int. Co S.A,HLCUME3241046440,TD,2024-12-28,1090,http://dassa.mqbic.com/PublicTally.php?id=1090
2024-12-28,03:00,Exolgan,UACU-407895-6,Lift Van Int. Co S.A,HLCUME3241045330,TD,2024-12-28,1091,http://dassa.mqbic.com/PublicTally.php?id=1091
2024-12-30,17:00,Exolgan,TLLU-605074-6,Lift Van Int. Co S.A,ONEYRICEKU900300,TD,2024-12-30,1106,http://dassa.mqbic.com/PublicTally.php?id=1106
2025-04-03,16:00,TRP,HMMU-213579-3,Lift Van Int. Co S.A,HDMUSELM09111600,T,2025-04-03,,
2025-04-14,11:00,Terminal 4,BHCU-316221-0,Lift Van Int. Co S.A,ZIMULVN01021402,T,2025-04-14,,
2025-04-14,11:00,Terminal 4,TEMU-105143-5,Lift Van Int. Co S.A,ZIMUCRT908282,TD,2025-04-14,,
2025-04-09,05:00,Exolgan,HLBU-153836-1,Lift Van Int. Co S.A,HLCURTM250218817,TD,2025-04-09,1687,http://dassa.mqbic.com/PublicTally.php?id=1687
2025-04-09,11:00,TRP,WBPU-202240-4,Lift Van Int. Co S.A,OOLU2754540650,TD,2025-04-09,1688,http://dassa.mqbic.com/PublicTally.php?id=1688
2025-03-14,08:00,Terminal 4,BMOU-582487-0,Lift Van Int. Co S.A,HLCUBSC2502BEAB0,T,2025-03-14,,
2025-03-14,15:00,TRP,TCKU-432363-5,Lift Van Int. Co S.A,ONEYLIVF01071900,TD,2025-03-14,1564,http://dassa.mqbic.com/PublicTally.php?id=1564
2025-03-19,15:00,Exolgan,HAMU-268974-2,Lift Van Int. Co S.A,HLCUTOR241201225,TD,2025-03-19,1600,http://dassa.mqbic.com/PublicTally.php?id=1600
2025-03-20,11:00,Exolgan,HLXU-538178-7,Lift Van Int. Co S.A,HLCUGOA2501ATTL3,TD,2025-03-20,1604,http://dassa.mqbic.com/PublicTally.php?id=1604
2025-03-14,08:00,Terminal 4,GESU-641730-0,Lift Van Int. Co S.A,HLCUBSC2502BEAB0,T,2025-03-14,,
2025-03-14,08:00,Terminal 4,HLBU-201907-8,Lift Van Int. Co S.A,HLCUBSC2502BEAB0,T,2025-03-14,,
2025-03-14,08:00,Terminal 4,HLXU-800199-9,Lift Van Int. Co S.A,HLCUBSC2502BEAB0,T,2025-03-14,,
2025-03-14,08:00,Terminal 4,CAIU-852773-0,Lift Van Int. Co S.A,HLCUBSC2502BEAB0,T,2025-03-14,,
2025-03-14,08:00,Terminal 4,HLBU-198352-0,Lift Van Int. Co S.A,HLCUBSC2502BEAB0,T,2025-03-14,,
2025-03-14,08:00,Terminal 4,FANU-341166-0,Lift Van Int. Co S.A,HLCUBSC2502BEAB0,T,2025-03-14,,
2025-03-07,16:00,Terminal 4,HLBU-243053-5,Lift Van Int. Co S.A,HLCUBSC2501BXQI3,TD,2025-03-07,1519,http://dassa.mqbic.com/PublicTally.php?id=1519
2025-03-07,17:00,Terminal 4,HLBU-352370-9,Lift Van Int. Co S.A,HLCUBSC2501BXQI3,TD,2025-03-07,1520,http://dassa.mqbic.com/PublicTally.php?id=1520
2025-03-07,21:00,TRP,FSCU-504280-0,Lift Van Int. Co S.A,OOLU2754025210,TD,2025-03-08,1521,http://dassa.mqbic.com/PublicTally.php?id=1521
2025-03-07,18:00,TRP,OOLU-051068-1,Lift Van Int. Co S.A,OOLU2752244150,TD,2025-03-07,1522,http://dassa.mqbic.com/PublicTally.php?id=1522
2025-02-24,16:00,Terminal 4,ZCSU-761531-0,Lift Van Int. Co S.A,ZIMUMEX947761,TD,2025-02-24,1444,http://dassa.mqbic.com/PublicTally.php?id=1444
2025-02-26,10:00,Terminal 4,TCLU-284357-4,Lift Van Int. Co S.A,HLCUBSC2412BSPU6,TD,2025-02-26,1433,http://dassa.mqbic.com/PublicTally.php?id=1433
2025-03-05,15:00,Exolgan,HLBU-370218-1,Lift Van Int. Co S.A,HLCUBC1241154626,TD,2025-03-05,1491,http://dassa.mqbic.com/PublicTally.php?id=1491
2025-03-05,11:00,Exolgan,FBIU-047326-0,Lift Van Int. Co S.A,HLCULIV250125470,TD,2025-03-05,1492,http://dassa.mqbic.com/PublicTally.php?id=1492
2025-03-10,12:00,Terminal 4,TEMU-480512-2,Lift Van Int. Co S.A,ZIMUNYC9090361,TD,2025-03-11,1523,http://dassa.mqbic.com/PublicTally.php?id=1523
2025-03-10,12:00,Terminal 4,TEMU-480512-2,Lift Van Int. Co S.A,ZIMUNYC9090361,TD,2025-03-11,1523,http://dassa.mqbic.com/PublicTally.php?id=1523
2025-03-07,17:00,Terminal 4,HLBU-140916-9,Lift Van Int. Co S.A,HLCUBSC250293353,TD,2025-03-07,1516,http://dassa.mqbic.com/PublicTally.php?id=1516
2025-02-14,08:00,Terminal 4,ZIMU-141851-9,Lift Van Int. Co S.A,ZIMULAMNA810610,TD,2025-02-14,1355,http://dassa.mqbic.com/PublicTally.php?id=1355
2025-02-17,15:00,TRP,GCXU-583317-3,Lift Van Int. Co S.A,SSZ108801RCS,TD,2025-02-17,1356,http://dassa.mqbic.com/PublicTally.php?id=1356
2025-02-17,15:00,TRP,GCXU-583317-3,Lift Van Int. Co S.A,SSZ108801RCS,TD,2025-02-17,1356,http://dassa.mqbic.com/PublicTally.php?id=1356
2025-02-21,19:00,Terminal 4,TCLU-273376-7,Lift Van Int. Co S.A,246904269,T,2025-02-21,,
2025-02-24,16:00,Terminal 4,SEGU-223500-3,Lift Van Int. Co S.A,ZIMUMEX947761,TD,2025-02-24,1443,http://dassa.mqbic.com/PublicTally.php?id=1443
2025-02-07,16:00,Terminal 4,GLDU-311860-0,Lift Van Int. Co S.A,HLCUBSC2412BUYO0,T,2025-02-07,,
2025-02-11,18:00,TRP,CAIU-348082-0,Lift Van Int. Co S.A,YMJAB490303340,TD,2025-02-11,1329,http://dassa.mqbic.com/PublicTally.php?id=1329
2025-02-11,17:00,TRP,TLLU-617152-1,Lift Van Int. Co S.A,YMJAB490303340,TD,2025-02-11,1330,http://dassa.mqbic.com/PublicTally.php?id=1330
2025-02-12,11:00,Terminal 4,UACU-849861-7,Lift Van Int. Co S.A,HLCUBSC2412BSUE8,TD,2025-02-12,1340,http://dassa.mqbic.com/PublicTally.php?id=1340
2025-02-12,11:00,Exolgan,TEMU-184943-0,Lift Van Int. Co S.A,HLCUBSC241212376,TD,2025-02-12,1338,http://dassa.mqbic.com/PublicTally.php?id=1338
2025-01-31,11:00,Exolgan,HLBU-102594-4,Lift Van Int. Co S.A,HLCUSIN241208471,TD,2025-01-31,1276,http://dassa.mqbic.com/PublicTally.php?id=1276
2025-02-05,12:00,Terminal 4,TEMU-185715-9,Lift Van Int. Co S.A,HLCUBSC2412BKMY0,TD,2025-02-05,1296,http://dassa.mqbic.com/PublicTally.php?id=1296
2025-02-06,07:00,Exolgan,TDTU-842757-5,Lift Van Int. Co S.A,HLCUPB3241200050,TD,2025-02-06,1310,http://dassa.mqbic.com/PublicTally.php?id=1310
2025-02-07,16:00,Terminal 4,HLBU-183154-9,Lift Van Int. Co S.A,HLCUBSC2412BOKN6,TD,2025-02-07,1324,http://dassa.mqbic.com/PublicTally.php?id=1324
2025-01-13,13:00,Terminal 4,ZIMU-297703-9,Lift Van Int. Co S.A,ZIMUCRT907124,TD,2025-01-13,1207,http://dassa.mqbic.com/PublicTally.php?id=1207
2025-01-14,13:00,Exolgan,TRHU-255402-1,Lift Van Int. Co S.A,HLCUPN4241257780,TD,2025-01-14,1220,http://dassa.mqbic.com/PublicTally.php?id=1220
2025-01-24,13:00,Exolgan,UETU-412924-0,Lift Van Int. Co S.A,HLCUBSC2411AXHN6,TD,2025-01-24,1251,http://dassa.mqbic.com/PublicTally.php?id=1251
2025-01-02,07:00,Terminal 4,DFSU-767821-0,Lift Van Int. Co S.A,HLCUBSC2411BJWN8,T,2025-01-02,,
2025-01-03,20:00,TRP,ONEU-026055-5,Lift Van Int. Co S.A,ONEYRICEKB741500,TD,2025-01-03,1154,http://dassa.mqbic.com/PublicTally.php?id=1154
2025-01-03,21:00,TRP,ONEU-585688-7,Lift Van Int. Co S.A,ONEYRICEKB741500,TD,2025-01-03,1155,http://dassa.mqbic.com/PublicTally.php?id=1155
2025-01-03,19:00,Exolgan,TEMU-058709-0,Lift Van Int. Co S.A,ONEYRICELU736400,TD,2025-01-03,1156,http://dassa.mqbic.com/PublicTally.php?id=1156
2025-01-09,07:00,Terminal 4,ZCSU-711608-1,Lift Van Int. Co S.A,ZIMUGOA1074581,TD,2025-01-09,1191,http://dassa.mqbic.com/PublicTally.php?id=1191
2025-01-10,15:00,Exolgan,CAIU-333600-6,Lift Van Int. Co S.A,HLCUBC1241043227,TD,2025-01-10,1196,http://dassa.mqbic.com/PublicTally.php?id=1196
2024-12-30,07:00,Exolgan,UACU-855475-2,Lift Van Int. Co S.A,HLCUME3241118730,TD,2024-12-30,1095,http://dassa.mqbic.com/PublicTally.php?id=1095
2024-12-30,11:00,Exolgan,HLBU-357377-8,Lift Van Int. Co S.A,HLCUME3241120058,TD,2024-12-30,1096,http://dassa.mqbic.com/PublicTally.php?id=1096
2024-12-30,11:00,Exolgan,SEGU-223708-0,Lift Van Int. Co S.A,HLCUTOR241048289,T,2024-12-30,,
2024-12-30,15:00,Exolgan,BEAU-221695-3,Lift Van Int. Co S.A,HLCUTOR241010127,T,2024-12-30,,
2025-01-02,13:00,Terminal 4,HAMU-165353-4,Lift Van Int. Co S.A,HLCUBSC241122140,TD,2025-01-02,1131,http://dassa.mqbic.com/PublicTally.php?id=1131
2025-01-02,12:00,Terminal 4,HLBU-120884-2,Lift Van Int. Co S.A,HLCUBSC2410CDLO5,TD,2025-01-02,1132,http://dassa.mqbic.com/PublicTally.php?id=1132
2025-04-09,07:00,TRP,OOLU-950847-4,Edelweiss Spedition Srl,OOLU2306295960,TD,2025-04-09,1691,http://dassa.mqbic.com/PublicTally.php?id=1691
2025-04-07,15:00,TRP,TRHU-585102-3,Edelweiss Spedition Srl,SSZ111531RCS,TD,2025-04-07,1682,http://dassa.mqbic.com/PublicTally.php?id=1682
2025-03-28,17:00,TRP,TRHU-605311-5,Edelweiss Spedition Srl,IBC1302612,TD,2025-03-28,1645,http://dassa.mqbic.com/PublicTally.php?id=1645
2025-04-04,05:00,Exolgan,HLBU-306960-1,Edelweiss Spedition Srl,HLCUGY3250136294,TD,2025-04-05,1674,http://dassa.mqbic.com/PublicTally.php?id=1674
2025-03-19,15:00,Exolgan,UACU-838789-2,Edelweiss Spedition Srl,HLCUME3250126334,TD,2025-03-19,1601,http://dassa.mqbic.com/PublicTally.php?id=1601
2025-03-19,15:00,Exolgan,FBLU-001262-1,Edelweiss Spedition Srl,HLCUME32050126334,TD,2025-03-19,1603,http://dassa.mqbic.com/PublicTally.php?id=1603
2025-03-17,11:00,Exolgan,TGHU-520251-0,Edelweiss Spedition Srl,HLCULI3250112695,TD,2025-03-17,1578,http://dassa.mqbic.com/PublicTally.php?id=1578
2025-03-17,11:00,Exolgan,HLBU-274895-3,Edelweiss Spedition Srl,HLCUGY3250110620,TD,2025-03-17,1579,http://dassa.mqbic.com/PublicTally.php?id=1579
2025-03-17,11:00,Exolgan,HLBU-184564-5,Edelweiss Spedition Srl,HLCUGY3250121853,TD,2025-03-17,1577,http://dassa.mqbic.com/PublicTally.php?id=1577
2025-03-05,11:00,Exolgan,HLBU-366220-0,Edelweiss Spedition Srl,HLCUBC1250115819,TD,2025-03-05,1490,http://dassa.mqbic.com/PublicTally.php?id=1490
2025-03-05,11:00,Exolgan,HLBU-366220-0,Edelweiss Spedition Srl,HLCUBC1250115819,TD,2025-03-05,1490,http://dassa.mqbic.com/PublicTally.php?id=1490
2025-03-12,16:00,TRP,TEMU-257345-5,Edelweiss Spedition Srl,ONEYLIVE48460700,TD,2025-03-12,1543,http://dassa.mqbic.com/PublicTally.php?id=1543
2025-02-26,15:00,TRP,TEMU-558037-6,Edelweiss Spedition Srl,MCB0275705,TD,2025-02-26,1445,http://dassa.mqbic.com/PublicTally.php?id=1445
2025-02-06,13:00,Exolgan,HAMU-192670-5,Edelweiss Spedition Srl,HLCULGB241207493,TD,2025-02-06,1309,http://dassa.mqbic.com/PublicTally.php?id=1309
2025-02-14,16:00,Terminal 4,TCKU-686594-9,Edelweiss Spedition Srl,247183248,TD,2025-02-14,1362,http://dassa.mqbic.com/PublicTally.php?id=1362
2025-01-31,13:00,Exolgan,HLXU-534472-0,Edelweiss Spedition Srl,HLCUHAM2411ATCD4,TD,2025-01-31,1281,http://dassa.mqbic.com/PublicTally.php?id=1281
2025-01-31,13:00,Exolgan,HLXU-534472-0,Edelweiss Spedition Srl,HLCUHAM2411ATCD4,TD,2025-01-31,1281,http://dassa.mqbic.com/PublicTally.php?id=1281
2025-01-31,13:00,Exolgan,HLXU-534472-0,Edelweiss Spedition Srl,HLCUHAM2411ATCD4,TD,2025-01-31,1281,http://dassa.mqbic.com/PublicTally.php?id=1281
2025-02-05,12:00,Terminal 4,UACU-854750-0,Edelweiss Spedition Srl,HLCUPTY241240467,TD,2025-02-05,1354,http://dassa.mqbic.com/PublicTally.php?id=1354
2025-01-24,13:00,Exolgan,HLBU-119184-2,Edelweiss Spedition Srl,HLCULI3241222756,T,2025-01-24,,
2025-01-24,13:00,Exolgan,DFSU-128047-1,Edelweiss Spedition Srl,HLCUBO2241210848,TD,2025-01-24,1250,http://dassa.mqbic.com/PublicTally.php?id=1250
2025-04-07,08:00,Terminal 4,MRKU-063584-9,Hra Consultora,249272722,TD,2025-04-07,1677,http://dassa.mqbic.com/PublicTally.php?id=1677
2025-04-07,08:00,Terminal 4,MRKU-063584-9,Hra Consultora,249272722,TD,2025-04-07,1677,http://dassa.mqbic.com/PublicTally.php?id=1677
2025-04-07,08:00,Terminal 4,MRKU-063584-9,Hra Consultora,249272722,TD,2025-04-07,1677,http://dassa.mqbic.com/PublicTally.php?id=1677
2024-12-23,11:00,Exolgan,MSNU-504590-2,Tex Fabric Sa,GILSH240900143,T,2024-12-23,,
2025-01-06,14:00,Terminal 4,CAAU-900300-0,Tex Fabric Sa,GILSH241000078,T,2025-01-06,,
2025-01-02,14:00,Terminal 4,CMAU-511015-5,Minera Santa Rita Srl,QGD1304271A,TD,2025-01-03,1138,http://dassa.mqbic.com/PublicTally.php?id=1138
2025-01-02,14:00,Terminal 4,CMAU-445808-5,Minera Santa Rita Srl,QGD1304271A,TD,2025-01-03,1139,http://dassa.mqbic.com/PublicTally.php?id=1139
2025-01-02,14:00,Terminal 4,CMAU-699215-0,Minera Santa Rita Srl,QGD1304271A,TD,2025-01-03,1140,http://dassa.mqbic.com/PublicTally.php?id=1140
2025-01-02,14:00,Terminal 4,CMAU-752268-1,Minera Santa Rita Srl,QGD1304271A,TD,2025-01-03,1141,http://dassa.mqbic.com/PublicTally.php?id=1141
2025-01-02,14:00,Terminal 4,TCLU-829538-0,Minera Santa Rita Srl,QGD1304271A,TD,2025-01-03,1142,http://dassa.mqbic.com/PublicTally.php?id=1142
2025-01-02,14:00,Terminal 4,CMAU-915030-4,Minera Santa Rita Srl,QGD1304271A,TD,2025-01-03,1143,http://dassa.mqbic.com/PublicTally.php?id=1143
2025-01-02,14:00,Terminal 4,TGHU-639047-5,Minera Santa Rita Srl,QGD1304271A,TD,2025-01-03,1144,http://dassa.mqbic.com/PublicTally.php?id=1144
2025-01-02,14:00,Terminal 4,TRHU-654448-5,Minera Santa Rita Srl,QGD1304271A,TD,2025-01-03,1145,http://dassa.mqbic.com/PublicTally.php?id=1145
2025-02-19,13:00,Terminal 4,TCNU-172835-7,Minera Santa Rita Srl,247688406,TD,2025-02-19,1375,http://dassa.mqbic.com/PublicTally.php?id=1375
2025-03-06,14:00,Terminal 4,GCXU-620037-5,Minera Santa Rita Srl,248203554,TD,2025-03-06,1496,http://dassa.mqbic.com/PublicTally.php?id=1496
2025-01-02,16:00,TRP,TCNU-414607-2,Printel S.A,EID0827485,TD,2025-01-03,1136,http://dassa.mqbic.com/PublicTally.php?id=1136
2024-12-18,13:00,Terminal 4,JZPU-801204-8,Juguetech Sa,SZXS059732,T,2024-12-18,,
2025-01-13,13:00,Terminal 4,ZCSU-767247-6,Juguetech Sa,SZXS060279/277,T,2025-01-13,,
2025-01-13,13:00,Terminal 4,ZCSU-767247-6,Juguetech Sa,SZXS060279/277,T,2025-01-13,,
2025-03-27,07:00,Exolgan,TGHU-928843-0,Hometex S.A.,TMSE3349041,T,2025-03-27,,
2025-03-27,07:00,Exolgan,MSMU-716451-1,Hometex S.A.,TMSE3350095,T,2025-03-27,,
2025-03-27,07:00,Exolgan,TEMU-825395-2,Hometex S.A.,TMSE3350094,T,2025-03-27,,
2025-04-03,16:00,TRP,CMAU-468924-8,Hometex S.A.,TMSE3325508,T,2025-04-03,,
2024-12-17,15:00,TRP,EGSU-916561-0,Lichytex Sa,NB241050351,T,2024-12-17,,
2025-02-28,22:00,Terminal 4,MSKU-523159-0,A La Orden,EXMFL25010011,T,2025-02-28,,
2025-03-07,17:00,TRP,CSNU-111154-4,A La Orden,OOLU2037340730,TD,2025-03-07,1511,http://dassa.mqbic.com/PublicTally.php?id=1511
2025-03-07,17:00,TRP,CSNU-111154-4,A La Orden,OOLU2037340730,TD,2025-03-07,1511,http://dassa.mqbic.com/PublicTally.php?id=1511
2024-12-23,11:00,Exolgan,FFAU-247801-2,La Tela Srl,NBOE24009542,T,2024-12-23,,
2024-12-17,13:00,Terminal 4,MMAU-132651-0,Toy Store Sa,TSNS014004,T,2024-12-17,,
2024-12-17,14:00,Terminal 4,MMAU-123901-5,Toy Store Sa,TSNS014004,T,2024-12-17,,
2024-12-18,13:00,Terminal 4,GLDU-514479-0,Toy Store Sa,SZXS059508,T,2024-12-18,,
2025-03-18,16:00,TRP,EITU-906368-3,Plano Y Punto S.A.,HDE25-020029,T,2025-03-18,,
2025-02-20,15:00,TRP,TEMU-627128-4,Textil Praga Srl,HDE25-010015,T,2025-02-20,,
2025-02-28,22:00,Terminal 4,JXLU-459149-4,Textil Praga Srl,HDE25-010016A/B,T,2025-03-01,,
2025-02-28,22:00,Terminal 4,JXLU-459149-4,Textil Praga Srl,HDE25-010016A/B,T,2025-03-01,,
2025-04-11,17:00,Exolgan,FCIU-920994-3,Jutel S.A.,TMSE3344551,T,2025-04-11,,
2025-04-11,19:00,Exolgan,MSMU-557355-2,Jutel S.A.,TMSE3345630,T,2025-04-11,,
2025-03-20,20:00,TRP,TXGU-714369-7,Zorrilla  Daniel,SZ25010246,T,2025-03-20,,
2025-01-27,13:00,Terminal 4,MRKU-048569-3,Dpmg S.A.,267927681,T,2025-01-27,,
2025-02-07,19:00,TRP,TRHU-423736-6,Bratton Srl,GZ24120070,T,2025-02-07,,
2025-01-02,15:00,Exolgan,FSCU-582086-6,Grouport Srl,ONEYNBOE25891900,TD,2025-01-03,1133,http://dassa.mqbic.com/PublicTally.php?id=1133
2025-01-02,15:00,Exolgan,FSCU-582086-6,Grouport Srl,ONEYNBOE25891900,TD,2025-01-03,1133,http://dassa.mqbic.com/PublicTally.php?id=1133
2025-01-31,07:00,Terminal 4,MRSU-588801-4,Grouport Srl,247137157,TD,2025-01-31,1274,http://dassa.mqbic.com/PublicTally.php?id=1274
2025-02-07,11:00,Exolgan,FSCU-573081-8,Grouport Srl,ONEYNB4BTC602600,TD,2025-02-07,1320,http://dassa.mqbic.com/PublicTally.php?id=1320
2025-02-14,13:00,Exolgan,BSIU-299741-3,Grouport Srl,PAMFC2412016,TD,2025-02-14,1352,http://dassa.mqbic.com/PublicTally.php?id=1352
2025-02-24,15:00,Terminal 4,TCLU-321324-5,Grouport Srl,HTNB24120892,TD,2025-02-24,1425,http://dassa.mqbic.com/PublicTally.php?id=1425
2025-03-01,07:00,TRP,CSNU-837822-9,Grouport Srl,TCNB2501427,TD,2025-03-01,1462,http://dassa.mqbic.com/PublicTally.php?id=1462
2025-01-13,10:00,Terminal 4,SUDU-875402-7,Planet Seguridad S.R.L.,NESHTR2411143,T,2025-01-13,,
2024-12-19,13:00,Terminal 4,CAAU-241102-0,Sky Cargo S.R.L.,7000001807,T,2024-12-19,,
2025-01-02,10:00,Terminal 4,HASU-447214-6,Fenisan S.A.,245892160,T,2025-01-02,,
2025-02-25,08:00,Terminal 4,HLBU-119252-0,Fenisan S.A.,HLCUBSC2501BFQS9,TD,2025-02-25,1428,http://dassa.mqbic.com/PublicTally.php?id=1428
2025-02-25,08:00,Terminal 4,HLBU-119252-0,Fenisan S.A.,HLCUBSC2501BFQS9,TD,2025-02-25,1428,http://dassa.mqbic.com/PublicTally.php?id=1428
2025-02-07,11:00,Exolgan,CAIU-690382-3,Blue Mail S.A.,SZSM24110293,T,2025-02-07,,
2024-12-27,16:00,TRP,TLLU-414306-9,Shipy S.A.,TS2411053,T,2024-12-27,,
2024-12-27,17:00,TRP,EITU-932361-0,Shipy S.A.,TS2411053,T,2024-12-27,,
2024-12-27,17:00,TRP,EITU-928759-6,Shipy S.A.,TS2411053,T,2024-12-27,,
2024-12-27,16:00,TRP,TXGU-567981-8,Shipy S.A.,TS2411053,T,2024-12-27,,
2024-12-31,03:00,Exolgan,HLXU-826900-3,Shipy S.A.,DLSZ24110214,T,2024-12-31,,
2024-12-31,03:00,Exolgan,UACU-562974-0,Shipy S.A.,DLSZ24110214,T,2024-12-31,,
2025-02-21,16:00,TRP,EISU-940631-0,Shipy S.A.,TSSZ2501004,T,2025-02-21,,
2025-02-25,15:00,TRP,FFAU-646822-3,Shipy S.A.,TS2412105,T,2025-02-25,,
2025-03-17,20:00,TRP,EGSU-161468-0,Shipy S.A.,NB250155805,T,2025-03-17,,
2025-03-17,19:00,TRP,EISU-821561-7,Shipy S.A.,NB250155805,T,2025-03-17,,
2025-03-17,18:00,TRP,TLLU-411425-0,Shipy S.A.,NB250155805,T,2025-03-17,,
2025-01-08,15:00,Exolgan,BEAU-537113-0,Shipy S.A.,DLSZ24110282A,T,2025-01-08,,
2025-01-08,15:00,Exolgan,FFAU-363494-8,Shipy S.A.,DLSZ24110282A,T,2025-01-08,,
2025-01-08,15:00,Exolgan,TCLU-949879-9,Shipy S.A.,DLSZ24110282A,T,2025-01-08,,
2025-01-08,15:00,Exolgan,UACU-564959-8,Shipy S.A.,DLSZ24110282A,T,2025-01-08,,
2025-02-14,17:00,TRP,EMCU-159927-2,Shipy S.A.,BK2431783,T,2025-02-14,,
2025-02-21,15:00,TRP,TCNU-526129-7,Shipy S.A.,TSSZ2501004,T,2025-02-21,,
2025-01-08,15:00,Exolgan,HAMU-168534-1,Shipy S.A.,DLSZ24110282C,T,2025-01-08,,
2025-01-08,15:00,Exolgan,HAMU-159171-0,Shipy S.A.,DLSZ24110282C,T,2025-01-08,,
2025-01-08,15:00,Exolgan,MAGU-520875-3,Shipy S.A.,DLSZ24110282C,T,2025-01-08,,
2025-01-08,15:00,Exolgan,FFAU-210783-4,Shipy S.A.,DLSZ24110282C,T,2025-01-08,,
2025-01-08,15:00,Exolgan,TGBU-579988-9,Shipy S.A.,DLSZ24110282C,T,2025-01-08,,
2025-01-08,15:00,Exolgan,FANU-334978-0,Shipy S.A.,DLSZ24110282A,T,2025-01-08,,
2025-01-08,13:00,TRP,EITU-128198-7,Shipy S.A.,TS2411083,T,2025-01-08,,
2025-01-08,13:00,Exolgan,HAMU-162815-1,Shipy S.A.,DLSZ24110282B,T,2025-01-08,,
2025-01-08,13:00,Exolgan,UASU-103889-0,Shipy S.A.,DLSZ24110282B,T,2025-01-08,,
2025-01-08,15:00,Exolgan,FSCU-710044-3,Shipy S.A.,DLSZ24110282B,T,2025-01-08,,
2025-01-08,15:00,Exolgan,CAIU-421695-7,Shipy S.A.,DLSZ24110282B,T,2025-01-08,,
2025-01-08,13:00,Exolgan,HAMU-180286-0,Shipy S.A.,DLSZ24110282B,T,2025-01-08,,
2024-12-31,03:00,Exolgan,CAAU-555663-0,Shipy S.A.,DLSZ24110214,T,2024-12-31,,
2024-12-31,03:00,Exolgan,HLBU-196705-2,Shipy S.A.,DLSZ24110214,T,2024-12-31,,
2024-12-31,03:00,Exolgan,FANU-105357-3,Shipy S.A.,DLSZ24110214,T,2024-12-31,,
2025-01-08,13:00,TRP,TGBU-403454-0,Shipy S.A.,TS2411083,T,2025-01-08,,
2025-01-08,15:00,TRP,EITU-134180-7,Shipy S.A.,TS2411083,T,2025-01-08,,
2025-01-08,13:00,TRP,EITU-913675-3,Shipy S.A.,TS2411083,T,2025-01-08,,
2025-01-08,15:00,Exolgan,ONEU-057821-1,Poka S.A.,QD20240109,T,2025-01-08,,
2025-01-08,15:00,Exolgan,SEGU-447298-2,Poka S.A.,QD20240109,T,2025-01-08,,
2025-01-13,13:00,TRP,EISU-827267-0,Poka S.A.,BK2431734,T,2025-01-13,,
2025-01-27,15:00,TRP,EMCU-990108-0,Poka S.A.,TS2411204,T,2025-01-27,,
2025-01-27,15:00,TRP,FCIU-750770-1,Poka S.A.,TS2411204,T,2025-01-27,,
2025-01-28,15:00,TRP,TRHU-811434-9,Poka S.A.,NB241152325,T,2025-01-28,,
2025-04-04,01:00,TRP,SEKU-564533-0,Poka S.A.,QD20240150,T,2025-04-04,,
2025-03-28,18:00,Terminal 4,TGBU-432366-6,Poka S.A.,NB241254623,T,2025-03-28,,
2025-03-28,18:00,Terminal 4,TCNU-282670-1,Poka S.A.,NB241253882,T,2025-03-28,,
2025-03-28,18:00,Terminal 4,TCNU-362880-3,Poka S.A.,NB241253882,T,2025-03-28,,
2025-03-28,18:00,Terminal 4,TRHU-628676-0,Poka S.A.,NB241253882,T,2025-03-28,,
2025-03-28,18:00,Terminal 4,UETU-566760-0,Poka S.A.,NB241253882,T,2025-03-28,,
2025-03-28,17:00,TRP,EMCU-178110-0,Poka S.A.,NB250155581,T,2025-03-28,,
2025-03-28,18:00,Terminal 4,TCNU-345324-3,Poka S.A.,NB241254622,T,2025-03-28,,
2025-03-28,18:00,Terminal 4,TGHU-634880-8,Poka S.A.,NB241254622,T,2025-03-28,,
2025-03-28,18:00,Terminal 4,UETU-713883-7,Poka S.A.,NB241254622,T,2025-03-28,,
2025-03-28,18:00,Terminal 4,CMAU-796535-5,Poka S.A.,NB241254623,T,2025-03-28,,
2025-03-28,18:00,Terminal 4,GESU-618405-0,Poka S.A.,NB241254623,T,2025-03-28,,
2025-03-28,18:00,Terminal 4,SEKU-432503-4,Poka S.A.,NB241254623,T,2025-03-28,,
2025-03-08,15:00,Exolgan,FFAU-667306-4,Poka S.A.,TSSZ2501094,T,2025-03-08,,
2025-03-17,19:00,TRP,EMCU-176236-9,Poka S.A.,NB250155806,T,2025-03-17,,
2025-03-17,20:00,TRP,GCXU-604868-4,Poka S.A.,NB250155806,T,2025-03-17,,
2025-03-17,16:00,TRP,EMCU-887919-3,Poka S.A.,NB250155806,T,2025-03-17,,
2025-03-17,19:00,TRP,EMCU-897140-0,Poka S.A.,NB250155806,T,2025-03-17,,
2025-03-28,18:00,Terminal 4,SEKU-552033-3,Poka S.A.,NB241254622,T,2025-03-28,,
2025-02-28,16:00,TRP,TLLU-415633-8,Poka S.A.,NB250155253,T,2025-02-28,,
2025-02-28,19:00,TRP,BSIU-802976-0,Poka S.A.,NB250155253,T,2025-02-28,,
2025-02-28,20:00,TRP,TEMU-608514-5,Poka S.A.,NB250155253,T,2025-02-28,,
2025-02-28,19:00,TRP,EITU-939444-4,Poka S.A.,NB250155253,T,2025-02-28,,
2025-03-08,15:00,Exolgan,FFAU-671593-5,Poka S.A.,TSSZ2501058,T,2025-03-08,,
2025-03-08,15:00,Exolgan,FFAU-666670-1,Poka S.A.,TSSZ2501058,T,2025-03-08,,
2025-02-28,18:00,TRP,EITU-154834-8,Poka S.A.,NB250155252,T,2025-03-05,,
2025-02-28,18:00,TRP,TXGU-583309-7,Poka S.A.,NB250155252,T,2025-03-05,,
2025-02-28,17:00,TRP,EITU-113504-6,Poka S.A.,NB241254251,T,2025-02-28,,
2025-02-28,20:00,TRP,TIIU-585921-0,Poka S.A.,NB241254251,T,2025-02-28,,
2025-02-28,19:00,TRP,EMCU-873610-3,Poka S.A.,NB241254251,T,2025-02-28,,
2025-02-28,20:00,TRP,EMCU-829243-6,Poka S.A.,NB250155254,T,2025-02-28,,
2025-02-24,15:00,Exolgan,TGBU-991812-1,Poka S.A.,NB241253738,T,2025-02-24,,
2025-02-24,15:00,Exolgan,UETU-637452-4,Poka S.A.,NB241253738,T,2025-02-24,,
2025-02-24,15:00,Exolgan,MSBU-675366-3,Poka S.A.,NB241253738,T,2025-02-24,,
2025-02-24,15:00,Exolgan,TRHU-854418-6,Poka S.A.,NB241253738,T,2025-02-24,,
2025-02-28,17:00,TRP,EITU-931931-1,Poka S.A.,NB250155252,T,2025-03-05,,
2025-02-28,20:00,TRP,TGCU-514983-0,Poka S.A.,NB250155252,T,2025-03-05,,
2025-02-21,15:00,TRP,EITU-912369-5,Poka S.A.,TSSZ2501003,T,2025-02-21,,
2025-02-24,15:00,Exolgan,MSDU-533840-7,Poka S.A.,NB241253236,T,2025-02-24,,
2025-02-24,15:00,Exolgan,MSBU-675308-8,Poka S.A.,NB241253236,T,2025-02-24,,
2025-02-24,15:00,Exolgan,MSBU-675330-2,Poka S.A.,NB241253236,T,2025-02-24,,
2025-02-24,15:00,Exolgan,FFAU-426733-8,Poka S.A.,NB241253236,T,2025-02-24,,
2025-02-24,15:00,Exolgan,BEAU-570061-6,Poka S.A.,NB241253738,T,2025-02-24,,
2025-01-28,15:00,TRP,EITU-913345-6,Poka S.A.,NB241152325,T,2025-01-28,,
2025-02-06,16:00,TRP,KOCU-442027-1,Poka S.A.,TS2412053,T,2025-02-06,,
2025-02-06,16:00,TRP,HMMU-676700-5,Poka S.A.,TS2412053,T,2025-02-06,,
2025-02-06,18:00,TRP,HMMU-604929-2,Poka S.A.,TS2412053,T,2025-02-06,,
2025-02-21,17:00,TRP,TXGU-657761-5,Poka S.A.,TSSZ2501003,T,2025-02-21,,
2025-02-21,15:00,TRP,EMCU-851514-4,Poka S.A.,TSSZ2501003,T,2025-02-21,,
2025-02-24,16:00,Terminal 4,MRSU-760589-6,Mavi Textil S.A.,ACENGBF22412036,T,2025-02-24,,
2025-01-31,15:00,TRP,KOCU-513324-0,Malu Ma Tex S.A.,TPSHKSG24126018,T,2025-01-31,,
2025-04-07,15:00,TRP,PCIU-874242-8,Malu Ma Tex S.A.,WLC41213205,T,2025-04-07,,
2025-02-20,15:00,TRP,EISU-947077-2,Mma Tex S.A.,HDE25-010028,TD,2025-02-20,1380,http://dassa.mqbic.com/PublicTally.php?id=1380
2025-02-20,17:00,TRP,TRHU-634809-7,Mma Tex S.A.,HDE25-010047,TD,2025-02-20,1385,http://dassa.mqbic.com/PublicTally.php?id=1385
2025-02-20,17:00,TRP,EGHU-987887-5,Mma Tex S.A.,HDE25-010098,T,2025-02-20,,
2025-03-10,12:00,Terminal 4,CAAU-955362-3,Mma Tex S.A.,HDE25-020023,T,2025-03-11,,
2025-03-18,20:00,TRP,EGSU-923490-0,Mma Tex S.A.,HDE25-020090,T,2025-03-18,,
2025-03-18,19:00,TRP,TGBU-233037-3,Mma Tex S.A.,KCGZO2501069,T,2025-03-18,,
2025-03-18,20:00,TRP,TRHU-646191-9,Mma Tex S.A.,HDE25-020003/B,T,2025-03-18,,
2025-03-18,20:00,TRP,TRHU-646191-9,Mma Tex S.A.,HDE25-020003/B,T,2025-03-18,,
2025-04-07,15:00,TRP,EITU-172404-6,Mma Tex S.A.,HDE25-020065,T,2025-04-07,,
2025-03-28,07:00,Exolgan,BSIU-909183-7,Tandem Global Logistics S.A.,XMFZ2501028A/B/C,TD,2025-03-28,1640,http://dassa.mqbic.com/PublicTally.php?id=1640
2025-03-28,07:00,Exolgan,BSIU-909183-7,Tandem Global Logistics S.A.,XMFZ2501028A/B/C,TD,2025-03-28,1640,http://dassa.mqbic.com/PublicTally.php?id=1640
2025-03-28,07:00,Exolgan,BSIU-909183-7,Tandem Global Logistics S.A.,XMFZ2501028A/B/C,TD,2025-03-28,1640,http://dassa.mqbic.com/PublicTally.php?id=1640
2024-12-27,16:00,TRP,EITU-119897-5,Berkma S.A.,QD20240118,T,2024-12-27,,
2024-12-27,16:00,TRP,EGHU-921472-6,Berkma S.A.,QD20240118,T,2024-12-27,,
2025-01-02,15:00,Exolgan,KKFU-786895-5,Berkma S.A.,SY241051202,T,2025-01-03,,
2025-01-02,15:00,Exolgan,TRHU-832201-8,Berkma S.A.,SY241051202,T,2025-01-03,,
2025-01-02,15:00,Exolgan,ONEU-569801-4,Berkma S.A.,SY241051202,T,2025-01-03,,
2025-02-11,17:00,TRP,EMCU-182839-0,Berkma S.A.,QD20240140,T,2025-02-11,,
2025-03-18,15:00,TRP,EITU-153723-5,Berkma S.A.,QD20240142,T,2025-03-18,,
2025-03-18,18:00,TRP,EMCU-830510-6,Berkma S.A.,QD20240142,T,2025-03-18,,
2025-02-19,13:00,Exolgan,MSBU-814675-6,Berkma S.A.,NB241152565,T,2025-02-19,,
2025-02-19,13:00,Exolgan,DFSU-779156-6,Berkma S.A.,NB241152565,T,2025-02-19,,
2025-03-17,19:00,TRP,EITU-189058-2,Berkma S.A.,NB250154953,T,2025-03-17,,
2025-03-17,18:00,TRP,EGSU-161429-4,Berkma S.A.,NB250154953,T,2025-03-17,,
2025-03-17,20:00,TRP,EGSU-161435-5,Berkma S.A.,NB250154953,T,2025-03-17,,
2025-01-27,14:00,Terminal 4,ZCSU-271931-2,Sk Distributors S.R.L.,DLNB2411215,T,2025-01-27,,
2025-02-06,18:00,Terminal 4,TTNU-449915-4,Sk Distributors S.R.L.,DLNB2412147,T,2025-02-06,,
2025-03-27,13:00,Terminal 4,TCLU-433495-6,Sk Distributors S.R.L.,DLNB2501162,T,2025-03-27,,
2025-02-28,22:00,Terminal 4,SUDU-191050-8,Presmar S.A.,EXPLV248084A,T,2025-03-01,,
2025-03-25,19:00,TRP,BSIU-269787-0,Presmar S.A.,EXPLV25010006A,T,2025-03-25,,
2025-04-11,19:00,TRP,DRYU-920506-7,Rueda Oeste S.A.,HDMUTAOZ55416300,T,2025-04-11,,
2024-12-19,10:00,Terminal 4,MRKU-848144-1,Ing. Hector J Resino S.R.L.,FE2445055909CHIBUE,T,2024-12-19,1060,http://dassa.mqbic.com/PublicTally.php?id=1060
2025-01-31,13:00,Terminal 4,SUDU-886107-2,Net Quality S.R.L.,NESHTR2411123,T,2025-01-31,,
2025-03-18,18:00,TRP,KOCU-465021-1,Net Quality S.R.L.,NESHTR2412159/A,T,2025-03-18,,
2025-03-18,18:00,TRP,KOCU-465021-1,Net Quality S.R.L.,NESHTR2412159/A,T,2025-03-18,,
2025-02-24,13:00,Terminal 4,MRKU-096262-5,Ajec Autoadhesivos Sa,NESHTR2412034,T,2025-02-24,,
2024-12-17,15:00,TRP,EGSU-949823-0,Jupam Sa,NB241050352,T,2024-12-17,,
2024-12-27,16:00,TRP,EMCU-861810-0,Jupam Sa,NB241050333,T,2024-12-27,,
2024-12-27,18:00,TRP,EGHU-963893-5,Jupam Sa,NB241050879,T,2024-12-27,,
2024-12-27,18:00,TRP,TLLU-852200-8,Jupam Sa,NB241050880,T,2024-12-27,,
2024-12-27,19:00,TRP,EMCU-991442-6,Jupam Sa,NB241051144,T,2024-12-27,,
2025-01-03,20:00,TRP,EMCU-858409-0,Jupam Sa,TWLE24110021,T,2025-01-03,,
2025-04-15,17:00,Exolgan,ONEU-077007-6,Jupam Sa,NB250155720,T,,,
2025-04-15,00:00,TRP,EGHU-969047-1,Jupam Sa,NB250155592,T,,,
2025-03-11,15:00,TRP,EGSU-158751-6,Jupam Sa,NB250155543,T,2025-03-11,,
2025-03-11,15:00,TRP,EITU-116795-3,Jupam Sa,NB250155545,T,2025-03-11,,
2025-03-12,15:00,TRP,TCNU-387106-9,Jupam Sa,NB250155546,T,2025-03-12,,
2025-03-13,08:00,Terminal 4,CMAU-491917-1,Jupam Sa,NB241253850,T,2025-03-13,,
2025-03-13,08:00,Terminal 4,CMAU-651068-6,Jupam Sa,NB241253830,T,2025-03-13,,
2025-03-18,21:00,TRP,EMCU-870299-4,Jupam Sa,NB250155564,T,2025-03-18,,
2025-02-21,15:00,TRP,GAOU-643327-2,Jupam Sa,NB241152338,T,2025-02-21,,
2025-02-25,11:00,Exolgan,MSBU-818865-9,Jupam Sa,NB241253208,T,2025-02-25,,
2025-02-25,11:00,Exolgan,BMOU-551194-1,Jupam Sa,NB241253209,T,2025-02-25,,
2025-02-28,19:00,TRP,EGSU-940186-5,Jupam Sa,NB250154949,T,2025-02-28,,
2025-02-28,19:00,TRP,OOCU-921945-4,Jupam Sa,TWLE25010063,T,2025-02-28,,
2025-02-28,21:00,TRP,TRHU-446541-1,Jupam Sa,TWLE25010034,T,2025-03-01,,
2025-02-11,18:00,TRP,TCNU-165356-1,Jupam Sa,NB241253577,T,2025-02-11,,
2025-02-14,16:00,TRP,TRHU-815838-9,Jupam Sa,SY241253436,T,2025-02-14,,
2025-02-14,11:00,Exolgan,ONEU-572310-1,Jupam Sa,NB241253234,T,2025-02-14,,
2025-02-14,11:00,Exolgan,GAOU-663297-3,Jupam Sa,TWLE24120247,T,2025-02-14,,
2025-02-19,12:00,TRP,EGSU-107667-1,Jupam Sa,NB241254228,T,2025-02-19,,
2025-02-21,18:00,TRP,EITU-100756-0,Jupam Sa,NB241254208,T,2025-02-21,,
2025-01-28,15:00,Exolgan,ONEU-105678-3,Jupam Sa,NB241152318,T,2025-01-28,,
2025-01-28,15:00,TRP,EGHU-949660-9,Jupam Sa,NB241152341,T,2025-01-28,,
2025-01-29,16:00,TRP,GCXU-532282-5,Jupam Sa,NB241152348,T,2025-01-29,,
2025-01-29,15:00,TRP,TLLU-850302-9,Jupam Sa,TWLE24120019,T,2025-01-29,,
2025-01-30,15:00,TRP,ECMU-480056-5,Jupam Sa,NB241152547,T,2025-01-30,,
2025-02-11,19:00,TRP,EISU-825883-5,Jupam Sa,TWLE24120167,T,2025-02-11,,
2025-01-14,11:00,Exolgan,NYKU-486184-0,Jupam Sa,NB241151681,T,2025-01-14,,
2025-01-23,10:00,TRP,EMCU-992356-2,Jupam Sa,TWLE24110232,T,2025-01-23,,
2025-01-23,11:00,TRP,EITU-116326-4,Jupam Sa,TWLE24110230,T,2025-01-23,,
2025-01-23,10:00,TRP,EGSU-964393-5,Jupam Sa,NB241151957,T,2025-01-23,,
2025-01-28,07:00,Exolgan,GCXU-522060-7,Jupam Sa,NB241152319,T,2025-01-28,,
2025-01-28,15:00,Exolgan,TCLU-624867-2,Jupam Sa,NB241152303,T,2025-01-28,,
2025-01-08,13:00,TRP,EMCU-895294-6,Jupam Sa,TWLE24110104,T,2025-01-08,,
2025-01-08,13:00,TRP,EITU-918614-2,Jupam Sa,NB241151671,T,2025-01-08,,
2025-01-13,13:00,TRP,EMCU-866350-0,Jupam Sa,TWLE24110020,T,2025-01-13,,
2025-01-13,13:00,TRP,EGSU-969548-2,Jupam Sa,TWLE24110118,T,2025-01-13,,
2025-01-14,13:00,Exolgan,BEAU-528157-2,Jupam Sa,NB241151908,T,2025-01-14,,
2025-01-14,13:00,Exolgan,CXDU-124253-0,Jupam Sa,NB241051184,T,2025-01-14,,
2025-01-03,21:00,TRP,EMCU-185214-3,Jupam Sa,TWLE24100128,T,2025-01-03,,
2025-01-02,15:00,TRP,EMCU-846762-1,Jupam Sa,NB241051157,T,2025-01-03,,
2025-01-02,15:00,TRP,EGSU-963178-6,Jupam Sa,NB241051155,T,2025-01-02,,
2024-12-31,03:00,Exolgan,AKLU-650714-6,Jupam Sa,SY241051280,T,2024-12-31,,
2025-01-08,15:00,TRP,TCNU-390539-0,Jupam Sa,NB241151679,T,2025-01-08,,
2025-01-08,13:00,TRP,EITU-127054-0,Jupam Sa,NB241151670,T,2025-01-08,,
2025-02-24,15:00,TRP,EMCU-859956-7,Aoda Sa,NB241253885,T,2025-02-24,,
2025-02-26,19:00,TRP,EGHU-843844-4,Aoda Sa,NB241254258,T,2025-02-26,,
2025-02-26,11:00,Exolgan,CAAU-941585-6,Aoda Sa,NB241254252,T,2025-02-26,,
2025-02-26,11:00,Exolgan,CAAU-923426-7,Aoda Sa,NB241254207,T,2025-02-26,,
2025-02-26,11:00,Exolgan,TGBU-440612-2,Aoda Sa,NB241254253,T,2025-02-26,,
2025-02-26,18:00,TRP,EGHU-961589-0,Aoda Sa,NB241254549,T,2025-02-26,,
2025-02-26,21:00,TRP,EGHU-825070-8,Aoda Sa,NB250154947,T,2025-02-26,,
2025-03-10,17:00,Exolgan,TGBU-968970-3,Aoda Sa,NB250154946,T,2025-03-10,,
2025-03-28,15:00,TRP,EISU-857375-5,Aoda Sa,NB250155723,T,2025-03-28,,
2025-01-09,16:00,Terminal 4,TGBU-930019-6,Leanval S.A.,SZXS060075,TD,2025-01-09,1193,http://dassa.mqbic.com/PublicTally.php?id=1193
2025-01-14,10:00,Terminal 4,MRSU-699011-8,Leanval S.A.,GGLFE24110056,TD,2025-01-14,1209,http://dassa.mqbic.com/PublicTally.php?id=1209
2025-01-31,13:00,Terminal 4,MRSU-589364-3,Awam Tex Srl,NBUE24011373,T,2025-01-31,,
2025-02-19,13:00,Exolgan,MSNU-979001-4,Awam Tex Srl,NBOE24011170,T,2025-02-19,,
2025-02-19,13:00,Exolgan,FFAU-237453-2,Awam Tex Srl,NBOE24011173,T,2025-02-19,,
2025-02-24,07:00,Exolgan,UETU-687139-3,Awam Tex Srl,NBOE24011540,T,2025-02-24,,
2025-02-24,07:00,Exolgan,MSNU-527157-7,Awam Tex Srl,NBOE24011477,T,2025-02-24,,
2025-02-28,05:00,Exolgan,CAIU-779790-0,Awam Tex Srl,GILNB241200524,T,2025-02-28,,
2025-02-28,11:00,Exolgan,MSDU-766474-2,Awam Tex Srl,GILNB241200979,T,2025-02-28,,
2025-03-06,13:00,Exolgan,MSMU-762197-9,Awam Tex Srl,NBOE24011758,T,2025-03-06,,
2025-04-11,21:00,Exolgan,MSBU-653360-6,Awam Tex Srl,TMSE3345664,T,2025-04-11,,
2025-02-04,16:00,TRP,TLLU-893981-4,Geo-Trade Comercio Exterior Srl,TPYNTSG24126002,TD,2025-02-04,1294,http://dassa.mqbic.com/PublicTally.php?id=1294
2025-03-21,12:00,Terminal 4,MSKU-585349-1,Geo-Trade Comercio Exterior Srl,MJ2025010180,TD,2025-03-21,1605,http://dassa.mqbic.com/PublicTally.php?id=1605
2025-02-07,14:00,Terminal 4,TCKU-602177-9,Grupo Leal-Tex S.R.L.,EXPLV248073A,T,2025-02-07,,
2025-02-06,15:00,Exolgan,FDCU-019534-5,Grupo Leal-Tex S.R.L.,GILSH241100173,T,2025-02-06,,
2025-02-21,16:00,TRP,TGBU-582857-0,Grupo Leal-Tex S.R.L.,CL24120319,T,2025-02-21,,
2025-03-25,19:00,Exolgan,MSDU-723405-8,Grupo Leal-Tex S.R.L.,GILSH250100040,T,2025-03-25,,
2025-03-12,16:00,Terminal 4,HASU-119036-5,Manufactura Los Andes S.A.,249311378,TD,2025-03-12,1542,http://dassa.mqbic.com/PublicTally.php?id=1542
2025-01-02,16:00,TRP,EMCU-612431-0,Laboratorio Pyam Sa,EGLV14140150127,TD,2025-01-02,1148,http://dassa.mqbic.com/PublicTally.php?id=1148
2025-01-02,18:00,TRP,EMCU-625854-0,Laboratorio Pyam Sa,EGLV141401050143,TD,2025-01-02,1149,http://dassa.mqbic.com/PublicTally.php?id=1149
2025-02-28,13:00,Exolgan,MSMU-194503-4,Laboratorio Pyam Sa,MEDUYX207606,TD,2025-02-28,1457,http://dassa.mqbic.com/PublicTally.php?id=1457
2025-02-28,13:00,Exolgan,MSDU-143152-7,Laboratorio Pyam Sa,MEDUYX207606,TD,2025-02-28,1458,http://dassa.mqbic.com/PublicTally.php?id=1458
2025-02-28,15:00,Exolgan,MSNU-230316-1,Laboratorio Pyam Sa,MEDUYX207606,TD,2025-02-28,1459,http://dassa.mqbic.com/PublicTally.php?id=1459
2024-12-18,11:00,Exolgan,TRHU-518098-5,Dmc Import Group S.R.L.,TS2410021,T,2024-12-18,,
2025-01-09,15:00,Exolgan,TCLU-980615-0,Dmc Import Group S.R.L.,TS2411056,T,2025-01-09,,
2025-01-22,15:00,TRP,EITU-938025-0,Dmc Import Group S.R.L.,TS2411084,T,2025-01-22,,
2025-01-22,15:00,TRP,EGSU-964874-7,Dmc Import Group S.R.L.,QD20240131,T,2025-01-22,,
2025-01-27,13:00,TRP,EGHU-971260-5,Dmc Import Group S.R.L.,SY241152113,T,2025-01-27,,
2025-02-07,11:00,Exolgan,TGBU-983986-6,Dmc Import Group S.R.L.,TS2412013,T,2025-02-07,,
2025-03-18,20:00,TRP,TXGU-740181-0,Dmc Import Group S.R.L.,BK2530117,T,2025-03-18,,
2025-04-07,15:00,TRP,BMOU-534083-3,Dmc Import Group S.R.L.,SY205156343,T,2025-04-07,,
2025-02-24,15:00,Terminal 4,MIEU-000999-5,Multitransport Argentina,TCQD2412119,T,2025-02-24,,
2025-01-13,13:00,Terminal 4,MSKU-870256-5,Compañia Bulk S.A.,SYNTSN24SE110202A,T,2025-01-13,,
2025-04-15,01:00,TRP,UETU-780763-4,Compañia Bulk S.A.,SY250155460,T,,,
2025-04-15,02:00,TRP,UETU-782463-1,Compañia Bulk S.A.,SY250155505,T,,,
2025-03-10,17:00,Exolgan,ONEU-006332-4,Compañia Bulk S.A.,SY241254033,T,2025-03-11,,
2025-03-10,17:00,Exolgan,TLLU-468027-9,Compañia Bulk S.A.,SY241254033,T,2025-03-11,,
2025-03-11,15:00,TRP,TCNU-381426-4,Compañia Bulk S.A.,NB250154979,T,2025-03-11,,
2025-02-21,18:00,TRP,TCNU-362604-0,Compañia Bulk S.A.,SY241254009,T,2025-02-21,,
2025-02-21,15:00,TRP,CMAU-891338-2,Compañia Bulk S.A.,SY241254009,T,2025-02-21,,
2025-02-18,15:00,TRP,TLLU-775219-8,Compañia Bulk S.A.,SY241254296,T,2025-02-18,,
2025-02-21,17:00,TRP,TCNU-572436-5,Compañia Bulk S.A.,SY241254056,T,2025-02-21,,
2025-02-21,18:00,TRP,TGBU-529046-4,Compañia Bulk S.A.,SY241254056,T,2025-02-21,,
2025-01-14,13:00,Terminal 4,MSKU-109577-3,Compañia Bulk S.A.,SYNTSN24SE110202B,T,2025-01-14,,
2025-01-17,15:00,Exolgan,BMOU-563126-9,Compañia Bulk S.A.,DLSH24100250A,T,2025-01-17,,
2025-01-17,11:00,Exolgan,HLBU-250585-0,Compañia Bulk S.A.,DLTJ2410096,T,2025-01-17,,
2025-01-17,11:00,Exolgan,HLBU-201158-6,Compañia Bulk S.A.,DLSH24100250,T,2025-01-17,,
2025-03-28,11:00,Exolgan,NIDU-230084-1,Coteca Sa,HLCUME3250202986/3250203013,TD,2025-03-28,1644,http://dassa.mqbic.com/PublicTally.php?id=1644
2025-03-28,11:00,Exolgan,NIDU-230084-1,Coteca Sa,HLCUME3250202986/3250203013,TD,2025-03-28,1644,http://dassa.mqbic.com/PublicTally.php?id=1644
2025-01-14,15:00,Exolgan,GAOU-762985-0,Blu Logistics Argentina S.A.,MEDUHL822705,TD,2025-01-14,1218,http://dassa.mqbic.com/PublicTally.php?id=1218
2025-01-14,15:00,Exolgan,GAOU-762985-0,Blu Logistics Argentina S.A.,MEDUHL822705,TD,2025-01-14,1218,http://dassa.mqbic.com/PublicTally.php?id=1218
2025-03-18,08:00,TRP,BEAU-519130-8,Corven Motors Argentina Sa,TLLBKK25010039,TD,2025-03-18,1594,http://dassa.mqbic.com/PublicTally.php?id=1594
2025-02-20,16:00,TRP,TXGU-748139-6,Juliana Sa,EGLV142404254295,T,2025-02-20,,
2025-02-20,17:00,TRP,FSCU-499523-7,Juliana Sa,EGLV142404254295,T,2025-02-20,,
2025-02-20,15:00,TRP,TCLU-434259-2,Juliana Sa,EGLV142404254295,T,2025-02-20,,
2025-01-24,13:00,Terminal 4,TCLU-821135-3,Bisora Group Sa,NESHTR2411156,T,2025-01-24,,
2025-03-18,21:00,TRP,TGBU-924542-1,Bisora Group Sa,BK2530075,T,2025-03-18,,
2025-03-25,15:00,Exolgan,UETU-774441-2,Bisora Group Sa,NBOE25012677,T,2025-03-25,,
2025-03-25,15:00,Exolgan,TGHU-982006-0,Bisora Group Sa,NBOE25012729,T,2025-03-25,,
2025-04-15,02:00,TRP,EMCU-171160-7,Grupo In 360 S.A.,NB250155733,TD,,,
2025-01-02,15:00,TRP,KOCU-434561-9,Novelty Trend Srl,TWLE24100054,T,2025-01-03,1137,http://dassa.mqbic.com/PublicTally.php?id=1137
2025-01-08,13:00,TRP,KOCU-434678-6,Novelty Trend Srl,TWLE24100081,TD,2025-01-08,1167,http://dassa.mqbic.com/PublicTally.php?id=1167
2025-02-14,11:00,Exolgan,FFAU-653213-2,Novelty Trend Srl,TWLE24120246,TD,2025-02-14,1341,http://dassa.mqbic.com/PublicTally.php?id=1341
2025-02-28,18:00,TRP,TCLU-889374-1,Novelty Trend Srl,TWLE25010033,TD,2025-02-28,1487,http://dassa.mqbic.com/PublicTally.php?id=1487
2025-03-18,18:00,TRP,TGBU-691805-1,Novelty Trend Srl,TWLE25010127,TD,2025-03-18,1589,http://dassa.mqbic.com/PublicTally.php?id=1589
2025-01-17,07:00,Terminal 4,MSKU-693073-5,Transcargo Argentina Sa,247861189,TD,2025-01-17,1226,http://dassa.mqbic.com/PublicTally.php?id=1226
2025-01-17,07:00,Terminal 4,MSKU-693073-5,Transcargo Argentina Sa,247861189,TD,2025-01-17,1226,http://dassa.mqbic.com/PublicTally.php?id=1226
2025-01-17,07:00,Terminal 4,MSKU-693073-5,Transcargo Argentina Sa,247861189,TD,2025-01-17,1226,http://dassa.mqbic.com/PublicTally.php?id=1226
2025-01-17,07:00,Terminal 4,MSKU-693073-5,Transcargo Argentina Sa,247861189,TD,2025-01-17,1226,http://dassa.mqbic.com/PublicTally.php?id=1226
2025-02-20,15:00,Exolgan,TRHU-340504-3,Chemotecnica Sa,CHIBUE5269972D,TD,2025-02-20,,
2025-04-01,17:00,Exolgan,HLBU-941024-8,Chemotecnica Sa,HLCUSHA2501AVBQ0,T,2025-04-01,,
2025-04-01,17:00,Exolgan,HLBU-900246-2,Chemotecnica Sa,HLCUSHA2501AVBQ0,T,2025-04-01,,
2025-04-01,17:00,Exolgan,HLBU-606670-9,Chemotecnica Sa,HLCUSHA2501AVBQ0,T,2025-04-01,,
2025-04-01,17:00,Exolgan,TTNU-828158-2,Chemotecnica Sa,HLCUSHA2501AVBQ0,T,2025-04-01,,
2025-04-01,17:00,Exolgan,HLBU-963646-7,Chemotecnica Sa,HLCUSHA2501AVBQ0,T,2025-04-01,,
2025-01-30,08:00,Terminal 4,MAEU-422700-5,Tecma Sa,247024401,T,2025-01-30,,
2025-01-30,08:00,Terminal 4,MRSU-643093-6,Tecma Sa,247024401,T,2025-01-30,,
2025-02-04,15:00,Terminal 4,GAOU-738423-3,Tecma Sa,247693370H,T,2025-02-04,,
2025-02-04,15:00,Terminal 4,TGBU-631909-5,Tecma Sa,247693370H,T,2025-02-04,,
2024-12-27,15:00,Terminal 4,TIIU-210240-7,Indelplas Srl,GILNB241100024,T,2024-12-27,,
2024-12-28,05:00,Exolgan,MSDU-436374-5,Indelplas Srl,GILSH240900041,TD,2024-12-28,1085,http://dassa.mqbic.com/PublicTally.php?id=1085
2024-12-30,11:00,Exolgan,MSMU-465666-8,Industrias Saladillo S.A.,MEDUHE892029,TD,2024-12-30,1092,http://dassa.mqbic.com/PublicTally.php?id=1092
2025-01-07,15:00,TRP,TGBU-251863-2,Industrias Saladillo S.A.,TPNGBSG24106033,TD,2025-01-07,1164,http://dassa.mqbic.com/PublicTally.php?id=1164
2025-01-15,10:00,TRP,TIIU-640414-9,Industrias Saladillo S.A.,TPNGBSG24116007,TD,2025-01-15,1222,http://dassa.mqbic.com/PublicTally.php?id=1222
2025-01-15,10:00,TRP,TIIU-640414-9,Industrias Saladillo S.A.,TPNGBSG24116007,TD,2025-01-15,1222,http://dassa.mqbic.com/PublicTally.php?id=1222
2025-01-14,10:00,Terminal 4,ZCSU-877997-8,Industrias Saladillo S.A.,TPNGBSG24116024,TD,2025-01-14,1210,http://dassa.mqbic.com/PublicTally.php?id=1210
2025-01-14,10:00,Terminal 4,ZCSU-877997-8,Industrias Saladillo S.A.,TPNGBSG24116024,TD,2025-01-14,1210,http://dassa.mqbic.com/PublicTally.php?id=1210
2025-01-14,10:00,Terminal 4,ZCSU-877997-8,Industrias Saladillo S.A.,TPNGBSG24116024,TD,2025-01-14,1210,http://dassa.mqbic.com/PublicTally.php?id=1210
2025-02-24,16:00,Terminal 4,BMOU-274034-8,Industrias Saladillo S.A.,TPNGBSG24126031,TD,2025-02-24,1426,http://dassa.mqbic.com/PublicTally.php?id=1426
2025-02-24,16:00,Terminal 4,ZIMU-306705-4,Industrias Saladillo S.A.,TPNGBSG24126031,TD,2025-02-24,1427,http://dassa.mqbic.com/PublicTally.php?id=1427
2025-02-25,16:00,TRP,TLLU-254412-3,Industrias Saladillo S.A.,TPNGBSG25016008,TD,2025-02-25,1432,http://dassa.mqbic.com/PublicTally.php?id=1432
2025-02-07,19:00,TRP,TEMU-133886-8,Industrias Saladillo S.A.,TPNGBSG24126014,TD,2025-02-07,1322,http://dassa.mqbic.com/PublicTally.php?id=1322
2025-02-07,19:00,TRP,GCXU-213925-6,Industrias Saladillo S.A.,TPNGBSG24126014,TD,2025-02-07,1323,http://dassa.mqbic.com/PublicTally.php?id=1323
2025-01-20,11:00,Exolgan,TEMU-750540-6,Industrias Saladillo S.A.,ONEYNB4IVF532600,TD,2025-01-20,1231,http://dassa.mqbic.com/PublicTally.php?id=1231
2025-03-07,05:00,Exolgan,TGHU-628696-4,Unimers Argentina S.A.,CNSZX0000565952,T,2025-03-07,,
2024-12-27,16:00,TRP,MAGU-537722-3,Luial Sa,SY241051290,T,2024-12-27,,
2024-12-27,16:00,TRP,EITU-108544-9,Luial Sa,SY241051415,T,2024-12-27,,
2025-04-08,11:00,Exolgan,UETU-584676-0,Luial Sa,NB250155725,T,2025-04-08,,
2025-04-08,11:00,Exolgan,TLLU-557826-1,Luial Sa,NB250155724,T,2025-04-08,,
2025-01-28,07:00,Exolgan,TRHU-416263-1,Luial Sa,SY241253325,T,2025-01-28,,
2025-02-20,18:00,TRP,TIIU-523892-7,Raisvic S.R.L.,HDE25-010006,T,2025-02-20,,
2025-02-28,22:00,Terminal 4,JXLU-459347-6,Raisvic S.R.L.,HDE24-120044A/B/C,T,2025-03-01,,
2025-02-28,22:00,Terminal 4,JXLU-459347-6,Raisvic S.R.L.,HDE24-120044A/B/C,T,2025-03-01,,
2025-02-28,22:00,Terminal 4,JXLU-459347-6,Raisvic S.R.L.,HDE24-120044A/B/C,T,2025-03-01,,
2025-03-13,09:00,Terminal 4,CMAU-793264-4,Raisvic S.R.L.,NB241253851,T,2025-03-13,,
2025-03-18,20:00,TRP,EGSU-171473-4,Raisvic S.R.L.,HDE25-020001A/B,T,2025-03-18,,
2025-03-18,20:00,TRP,EGSU-171473-4,Raisvic S.R.L.,HDE25-020001A/B,T,2025-03-18,,
2025-02-13,00:00,TRP,EGSU-124400-8,Ba Comex S.A,TWLE24120168,T,2025-02-13,,
2025-02-13,00:00,TRP,TCLU-867855-9,Ba Comex S.A,TWLE24120169,T,2025-02-13,,
2025-02-14,16:00,TRP,EGSU-971473-0,Ba Comex S.A,TWLE24120170,T,2025-02-14,,
2025-02-14,13:00,Exolgan,FFAU-651668-2,Ba Comex S.A,TWLE24120239,TD,2025-02-14,1350,http://dassa.mqbic.com/PublicTally.php?id=1350
2025-02-14,13:00,Exolgan,FFAU-651668-2,Ba Comex S.A,TWLE24120239,TD,2025-02-14,1350,http://dassa.mqbic.com/PublicTally.php?id=1350
2024-12-27,16:00,TRP,OOCU-762371-8,Sematryn Sa,OLGM246301,TD,2024-12-27,1088,http://dassa.mqbic.com/PublicTally.php?id=1088
2025-03-18,19:00,TRP,EGSU-158551-3,Bulldog Solutions S.A.,NB250155390,TD,2025-03-18,1598,http://dassa.mqbic.com/PublicTally.php?id=1598
2025-04-15,02:00,TRP,TXGU-550686-0,Bulldog Solutions S.A.,NB250155950,TD,,,
2025-04-15,01:00,TRP,TIIU-470327-0,Bulldog Solutions S.A.,NB250155715,TD,,,
2025-03-13,15:00,TRP,HDMU-277979-8,Transcar Srl,NGXSE25014724,T,2025-03-13,,
2025-02-03,12:00,Terminal 4,TGHU-508048-0,Gematec Srl,H01EMKK24010000,TD,2025-02-03,1285,http://dassa.mqbic.com/PublicTally.php?id=1285
2025-02-03,11:00,Terminal 4,TCLU-424762-0,Gematec Srl,H02EMKK24010000,TD,2025-02-03,1286,http://dassa.mqbic.com/PublicTally.php?id=1286
2025-03-11,16:00,TRP,BMOU-127880-5,Gematec Srl,HKA2505644,TD,2025-03-11,1532,http://dassa.mqbic.com/PublicTally.php?id=1532
2024-12-30,07:00,Exolgan,MSDU-530548-7,Dodero & Cia S.R.L.,DOD780201,T,2024-12-30,,
2025-03-11,,10080,TCKU-650850-9,Suabia Maderas Srl,250978213,TD,,,
2025-01-13,11:00,Terminal 4,HLXU-807229-3,Talwin Transport Service Sa,HLCUBSC241246058,TD,2025-01-13,1200,http://dassa.mqbic.com/PublicTally.php?id=1200
2025-01-13,11:00,Terminal 4,HLXU-807229-3,Talwin Transport Service Sa,HLCUBSC241246058,TD,2025-01-13,1200,http://dassa.mqbic.com/PublicTally.php?id=1200
2025-01-13,11:00,Terminal 4,HLXU-807229-3,Talwin Transport Service Sa,HLCUBSC241246058,TD,2025-01-13,1200,http://dassa.mqbic.com/PublicTally.php?id=1200
2025-01-13,11:00,Terminal 4,HLXU-807229-3,Talwin Transport Service Sa,HLCUBSC241246058,TD,2025-01-13,1200,http://dassa.mqbic.com/PublicTally.php?id=1200
2025-02-26,16:00,Terminal 4,BEAU-455565-8,Talwin Transport Service Sa,HLCUBSC250214388,TD,2025-02-26,1438,http://dassa.mqbic.com/PublicTally.php?id=1438
2025-02-26,16:00,Terminal 4,BEAU-455565-8,Talwin Transport Service Sa,HLCUBSC250214388,TD,2025-02-26,1438,http://dassa.mqbic.com/PublicTally.php?id=1438
2025-04-07,08:00,Terminal 4,UACU-839328-3,Talwin Transport Service Sa,HLCUBSC250268325,TD,2025-04-07,1676,http://dassa.mqbic.com/PublicTally.php?id=1676
2025-04-07,08:00,Terminal 4,UACU-839328-3,Talwin Transport Service Sa,HLCUBSC250268325,TD,2025-04-07,1676,http://dassa.mqbic.com/PublicTally.php?id=1676
2025-02-28,17:00,TRP,CSNU-226924-1,Industrias Kc Srl,ROESHA25010286,TD,2025-02-28,1461,http://dassa.mqbic.com/PublicTally.php?id=1461
2025-01-06,10:00,Terminal 4,FCIU-746561-1,Moniport Cargo Sa,HLCUBSC2411BJSS5,TD,2025-01-06,1157,http://dassa.mqbic.com/PublicTally.php?id=1157
2025-01-22,13:00,Exolgan,MSDU-455255-9,Moniport Cargo Sa,MEDUD8794924,TD,2025-01-22,1239,http://dassa.mqbic.com/PublicTally.php?id=1239
2025-01-22,13:00,Exolgan,MSDU-455255-9,Moniport Cargo Sa,MEDUD8794924,TD,2025-01-22,1239,http://dassa.mqbic.com/PublicTally.php?id=1239
2025-01-22,13:00,Exolgan,MSDU-455255-9,Moniport Cargo Sa,MEDUD8794924,TD,2025-01-22,1239,http://dassa.mqbic.com/PublicTally.php?id=1239
2025-02-12,11:00,Exolgan,KLOU-282578-1,Moniport Cargo Sa,HLCUHAM241221664,TD,2025-02-12,1331,http://dassa.mqbic.com/PublicTally.php?id=1331
2025-03-17,11:00,Exolgan,FSCU-389601-3,Moniport Cargo Sa,MEDUCD964325,TD,2025-03-17,1595,http://dassa.mqbic.com/PublicTally.php?id=1595
2025-03-17,11:00,Exolgan,FSCU-389601-3,Moniport Cargo Sa,MEDUCD964325,TD,2025-03-17,1595,http://dassa.mqbic.com/PublicTally.php?id=1595
2024-12-19,10:00,Terminal 4,MRKU-095023-9,Eagle Service Group Srl,246474329,TD,2024-12-19,1061,http://dassa.mqbic.com/PublicTally.php?id=1061
2024-12-19,10:00,Terminal 4,MRKU-095023-9,Eagle Service Group Srl,246474329,TD,2024-12-19,1061,http://dassa.mqbic.com/PublicTally.php?id=1061
2024-12-19,10:00,Terminal 4,MRKU-095023-9,Eagle Service Group Srl,246474329,TD,2024-12-19,1061,http://dassa.mqbic.com/PublicTally.php?id=1061
2024-12-19,10:00,Terminal 4,MRKU-095023-9,Eagle Service Group Srl,246474329,TD,2024-12-19,1061,http://dassa.mqbic.com/PublicTally.php?id=1061
2024-12-19,10:00,Terminal 4,MRKU-095023-9,Eagle Service Group Srl,246474329,TD,2024-12-19,1061,http://dassa.mqbic.com/PublicTally.php?id=1061
2024-12-19,10:00,Terminal 4,MRKU-095023-9,Eagle Service Group Srl,246474329,TD,2024-12-19,1061,http://dassa.mqbic.com/PublicTally.php?id=1061
2025-01-02,07:00,Terminal 4,MRKU-463099-5,Eagle Service Group Srl,247183120,TD,2025-01-02,1124,http://dassa.mqbic.com/PublicTally.php?id=1124
2025-01-02,07:00,Terminal 4,MRKU-463099-5,Eagle Service Group Srl,247183120,TD,2025-01-02,1124,http://dassa.mqbic.com/PublicTally.php?id=1124
2025-01-02,07:00,Terminal 4,MRKU-463099-5,Eagle Service Group Srl,247183120,TD,2025-01-02,1124,http://dassa.mqbic.com/PublicTally.php?id=1124
2025-01-03,13:00,Terminal 4,GESU-669306-2,Borax Argentina S A,QGD1304271B,TD,2025-01-03,1153,http://dassa.mqbic.com/PublicTally.php?id=1153
2025-02-11,,9,MSMU-329972-0,Borax Argentina S A,EBKG11692650,TD,,,
2025-03-06,14:00,Terminal 4,GAOU-706982-2,Borax Argentina S A,248096263,TD,2025-03-06,1495,http://dassa.mqbic.com/PublicTally.php?id=1495
2025-03-06,14:00,Terminal 4,FFAU-463480-8,Borax Argentina S A,248449997,TD,2025-03-06,1497,http://dassa.mqbic.com/PublicTally.php?id=1497
2024-12-27,16:00,Terminal 4,TIIU-216309-0,Fantasia Cueros Srl,246304633,TD,2024-12-27,1089,http://dassa.mqbic.com/PublicTally.php?id=1089
2025-03-27,16:00,TRP,HDMU-555698-8,Fantasia Cueros Srl,HDMUTSNM07489700,TD,2025-03-27,1639,http://dassa.mqbic.com/PublicTally.php?id=1639
2024-12-18,12:00,Terminal 4,FFAU-564820-0,Noah Servicess.R.L.,246176870,TD,2024-12-18,1056,http://dassa.mqbic.com/PublicTally.php?id=1056
2024-12-18,12:00,Terminal 4,FFAU-564820-0,Noah Servicess.R.L.,246176870,TD,2024-12-18,1056,http://dassa.mqbic.com/PublicTally.php?id=1056
2024-12-18,12:00,Terminal 4,FFAU-564820-0,Noah Servicess.R.L.,246176870,TD,2024-12-18,1056,http://dassa.mqbic.com/PublicTally.php?id=1056
2024-12-19,13:00,Terminal 4,MRSU-568114-0,Noah Servicess.R.L.,246176860,TD,2024-12-19,1062,http://dassa.mqbic.com/PublicTally.php?id=1062
2025-01-02,16:00,TRP,TEMU-003450-0,Noah Servicess.R.L.,IBC1268467,TD,2025-01-02,1127,http://dassa.mqbic.com/PublicTally.php?id=1127
2025-01-02,16:00,TRP,TEMU-003450-0,Noah Servicess.R.L.,IBC1268467,TD,2025-01-02,1127,http://dassa.mqbic.com/PublicTally.php?id=1127
2025-01-02,16:00,TRP,TEMU-003450-0,Noah Servicess.R.L.,IBC1268467,TD,2025-01-02,1127,http://dassa.mqbic.com/PublicTally.php?id=1127
2024-12-30,15:00,Exolgan,GCXU-218638-7,Noah Servicess.R.L.,HLCUBSC241147114,TD,2024-12-30,1107,http://dassa.mqbic.com/PublicTally.php?id=1107
2025-01-10,11:00,Terminal 4,SUDU-683920-7,Noah Servicess.R.L.,247812874,TD,2025-01-10,1195,http://dassa.mqbic.com/PublicTally.php?id=1195
2025-01-10,11:00,Terminal 4,SUDU-683920-7,Noah Servicess.R.L.,247812874,TD,2025-01-10,1195,http://dassa.mqbic.com/PublicTally.php?id=1195
2025-01-10,11:00,Terminal 4,SUDU-683920-7,Noah Servicess.R.L.,247812874,TD,2025-01-10,1195,http://dassa.mqbic.com/PublicTally.php?id=1195
2025-01-13,13:00,Terminal 4,MRSU-622371-2,Noah Servicess.R.L.,245947862,TD,2025-01-13,1206,http://dassa.mqbic.com/PublicTally.php?id=1206
2025-01-13,13:00,Terminal 4,MRSU-622371-2,Noah Servicess.R.L.,245947862,TD,2025-01-13,1206,http://dassa.mqbic.com/PublicTally.php?id=1206
2025-02-12,11:00,Exolgan,UACU-375565-1,Noah Servicess.R.L.,HLCUME3241139100,TD,2025-02-12,1339,http://dassa.mqbic.com/PublicTally.php?id=1339
2025-02-12,11:00,Exolgan,UACU-375565-1,Noah Servicess.R.L.,HLCUME3241139100,TD,2025-02-12,1339,http://dassa.mqbic.com/PublicTally.php?id=1339
2025-02-28,17:00,TRP,CMAU-307531-1,Noah Servicess.R.L.,IBC1285072,TD,2025-02-28,1463,http://dassa.mqbic.com/PublicTally.php?id=1463
2025-02-28,20:00,TRP,MAGU-570090-6,Noah Servicess.R.L.,IBC1287617,TD,2025-02-28,1460,http://dassa.mqbic.com/PublicTally.php?id=1460
2025-02-28,20:00,TRP,MAGU-570090-6,Noah Servicess.R.L.,IBC1287617,TD,2025-02-28,1460,http://dassa.mqbic.com/PublicTally.php?id=1460
2024-12-27,13:00,Exolgan,MSMU-896457-1,Bymar Transforwarding,MEDUDO445891,TD,2024-12-27,1070,http://dassa.mqbic.com/PublicTally.php?id=1070
2024-12-27,13:00,Exolgan,MSMU-896457-1,Bymar Transforwarding,MEDUDO445891,TD,2024-12-27,1070,http://dassa.mqbic.com/PublicTally.php?id=1070
2024-12-27,13:00,Exolgan,MSMU-896457-1,Bymar Transforwarding,MEDUDO445891,TD,2024-12-27,1070,http://dassa.mqbic.com/PublicTally.php?id=1070
2024-12-31,05:00,Exolgan,TXGU-701227-5,Sher Victor Daniel,OLCNB2410043,T,2024-12-31,,
2025-01-06,11:00,Terminal 4,MSWU-007114-5,Labranza Estrategica Sa,285213905,T,2025-01-06,,
2025-03-07,16:00,TRP,PIDU-408023-9,Labranza Estrategica Sa,SHSE50037600,T,2025-03-07,,
2025-03-14,12:00,Terminal 4,CMAU-245736-7,Labranza Estrategica Sa,QGD1501764,T,2025-03-14,,
2025-03-31,13:00,Exolgan,TRHU-294808-8,Labranza Estrategica Sa,BSHFL25011545,T,2025-03-31,,
2025-04-15,02:00,TRP,SEGU-462359-0,Labranza Estrategica Sa,QGD1550272QG,T,,,
2025-01-16,10:00,Terminal 4,CAAU-799086-1,Hyt Investments S.A.,ICC-SKT-151024-10,TD,2025-01-16,1224,http://dassa.mqbic.com/PublicTally.php?id=1224
2025-01-31,15:00,TRP,SEGU-637268-4,Hyt Investments S.A.,ICC-SKT-201024-11,T,2025-01-31,1282,http://dassa.mqbic.com/PublicTally.php?id=1282
2025-01-13,15:00,TRP,KOCU-428583-9,Corona Insumos Srl,GSZBUE24101914,TD,2025-01-13,1208,http://dassa.mqbic.com/PublicTally.php?id=1208
2025-03-28,05:00,Exolgan,FCIU-666928-8,Corona Insumos Srl,TPE25010078,T,2025-03-28,,
2025-02-14,13:00,Exolgan,MSDU-780375-0,Corona Insumos Srl,GSZBUE24121672,TD,2025-02-14,1347,http://dassa.mqbic.com/PublicTally.php?id=1347
2025-01-06,09:00,TRP,HMMU-203251-6,20N S.R.L.,TPNGBSG24106027,T,2025-01-06,,
2025-01-10,09:00,Terminal 4,TRLU-906570-9,Espert S.A.,DEBER208725-1,TD,2025-01-10,1194,http://dassa.mqbic.com/PublicTally.php?id=1194
2025-03-12,16:00,TRP,DRYU-921079-9,Tmcp S.A.S.,BSZFL25010695,T,2025-03-12,,
2025-03-12,15:00,TRP,HMMU-637118-5,Tmcp S.A.S.,BSZFL25010695,T,2025-03-12,,
2025-02-12,20:00,TRP,TEMU-767737-0,Tmcp S.A.S.,BSZFL24121155,T,2025-02-12,,
2025-02-12,18:00,TRP,MAGU-555315-3,Tmcp S.A.S.,BSZFL24121155,T,2025-02-12,,
2025-01-20,13:00,Exolgan,MSMU-823013-5,Tmcp S.A.S.,SZSEHBUE2410061A,T,2025-01-20,,
2025-01-20,13:00,Exolgan,MSMU-881608-6,Tmcp S.A.S.,SZSEHBUE2410061A,T,2025-01-20,,
2025-01-20,13:00,Exolgan,FFAU-195830-0,Tmcp S.A.S.,SZSEHBUE2410061A,T,2025-01-20,,
2025-03-07,16:00,Terminal 4,TGHU-157213-7,Prowood S.A.,HLCUBSC250273244,TD,2025-03-08,1515,http://dassa.mqbic.com/PublicTally.php?id=1515
2025-03-07,16:00,Terminal 4,TGHU-157213-7,Prowood S.A.,HLCUBSC250273244,TD,2025-03-08,1515,http://dassa.mqbic.com/PublicTally.php?id=1515
2025-03-07,16:00,Terminal 4,TGHU-157213-7,Prowood S.A.,HLCUBSC250273244,TD,2025-03-08,1515,http://dassa.mqbic.com/PublicTally.php?id=1515
2025-03-07,16:00,Terminal 4,TGHU-157213-7,Prowood S.A.,HLCUBSC250273244,TD,2025-03-08,1515,http://dassa.mqbic.com/PublicTally.php?id=1515
2025-03-07,16:00,Terminal 4,TGHU-157213-7,Prowood S.A.,HLCUBSC250273244,TD,2025-03-08,1515,http://dassa.mqbic.com/PublicTally.php?id=1515
2025-03-07,16:00,Terminal 4,TGHU-157213-7,Prowood S.A.,HLCUBSC250273244,TD,2025-03-08,1515,http://dassa.mqbic.com/PublicTally.php?id=1515
2025-03-07,16:00,Terminal 4,TGHU-157213-7,Prowood S.A.,HLCUBSC250273244,TD,2025-03-08,1515,http://dassa.mqbic.com/PublicTally.php?id=1515
2025-02-19,15:00,Exolgan,MSNU-590558-4,Tio Musa,SYNNGB24SE121198,TD,2025-02-19,1376,http://dassa.mqbic.com/PublicTally.php?id=1376
2025-02-06,18:00,Terminal 4,FXLU-017172-0,Indigo Pmp Srl,NBFC2412033,T,2025-02-06,,
2024-12-31,03:00,Exolgan,FCIU-891128-2,Grass S. R. L.,SZSEHBUE2411004A,T,2024-12-31,,
2025-02-19,13:00,TRP,PCIU-868512-2,Grass S. R. L.,BVNEA2412005,T,2025-02-19,,
2025-02-19,15:00,TRP,PCIU-854125-4,Grass S. R. L.,BVNEA2412005,T,2025-02-19,,
2025-02-20,14:00,Terminal 4,PIDU-423040-5,Grass S. R. L.,BVNEA2411009,T,2025-02-20,,
2025-02-20,14:00,Terminal 4,TIIU-405137-7,Grass S. R. L.,BVNEA2411009,T,2025-02-20,,
2025-03-28,05:00,Exolgan,SEGU-447475-3,Grass S. R. L.,BVMEA2501006,T,2025-03-28,,
2025-03-28,07:00,Exolgan,FDCU-060983-0,Grass S. R. L.,BVMEA2501006,T,2025-03-28,,
2024-12-31,03:00,Exolgan,FFAU-173203-5,Telamania Srl,NBOE24010432,TD,2024-12-31,1111,http://dassa.mqbic.com/PublicTally.php?id=1111
2024-12-31,03:00,Exolgan,TCNU-819833-0,Telamania Srl,NBOE24010181,TD,2024-12-31,1112,http://dassa.mqbic.com/PublicTally.php?id=1112
2024-12-31,03:00,Exolgan,TRHU-505055-4,Telamania Srl,NBOE24010183,TD,2024-12-31,1113,http://dassa.mqbic.com/PublicTally.php?id=1113
2025-01-14,13:00,Exolgan,MSNU-531180-7,Telamania Srl,NBOE24010642,TD,2025-01-14,1215,http://dassa.mqbic.com/PublicTally.php?id=1215
2025-01-14,11:00,Exolgan,MSNU-956125-5,Telamania Srl,NBOE24010650,TD,2025-01-14,1212,http://dassa.mqbic.com/PublicTally.php?id=1212
2025-02-28,05:00,Exolgan,MEDU-888184-8,Telamania Srl,GILNB241200337,TD,2025-02-28,1449,http://dassa.mqbic.com/PublicTally.php?id=1449
2025-03-06,08:00,Terminal 4,FFAU-558342-8,Telamania Srl,GILNB241201541,TD,2025-03-06,1493,http://dassa.mqbic.com/PublicTally.php?id=1493
2025-03-06,08:00,Terminal 4,HASU-513782-0,Telamania Srl,GILNB241201512,TD,2025-03-06,1494,http://dassa.mqbic.com/PublicTally.php?id=1494
2025-03-06,15:00,Exolgan,MSMU-799853-5,Telamania Srl,NBOE24011728,TD,2025-03-06,1505,http://dassa.mqbic.com/PublicTally.php?id=1505
2025-03-10,12:00,Terminal 4,CAAU-717533-4,Telamania Srl,GILNB241201364,TD,2025-03-10,1528,http://dassa.mqbic.com/PublicTally.php?id=1528
2025-03-10,12:00,Terminal 4,TGBU-614081-2,Telamania Srl,GILNB241201511,TD,2025-03-10,1529,http://dassa.mqbic.com/PublicTally.php?id=1529
2025-02-19,11:00,Exolgan,MSMU-736532-6,Telamania Srl,NBOE24011093,T,2025-02-19,,
2025-02-24,07:00,Exolgan,MSDU-768797-0,Telamania Srl,NBOE24011572,TD,2025-02-24,1409,http://dassa.mqbic.com/PublicTally.php?id=1409
2025-02-28,12:00,Terminal 4,MRSU-717253-8,Telamania Srl,GILSH24120130,TD,2025-02-28,1452,http://dassa.mqbic.com/PublicTally.php?id=1452
2025-02-28,05:00,Exolgan,FFAU-660416-6,Telamania Srl,GILNB241200977,TD,2025-02-28,1446,http://dassa.mqbic.com/PublicTally.php?id=1446
2025-02-28,05:00,Exolgan,CAIU-735815-3,Telamania Srl,GILNB241200520,T,2025-02-28,,
2025-02-28,05:00,Exolgan,MSMU-667989-4,Telamania Srl,GILNB241200340,TD,2025-02-28,1448,http://dassa.mqbic.com/PublicTally.php?id=1448
2025-02-07,11:00,Exolgan,MSMU-791946-0,Telamania Srl,GILNB241001332,TD,2025-02-07,1321,http://dassa.mqbic.com/PublicTally.php?id=1321
2025-02-19,13:00,Exolgan,MEDU-880336-2,Telamania Srl,GILNB241101100,TD,2025-02-19,1368,http://dassa.mqbic.com/PublicTally.php?id=1368
2025-02-19,15:00,Exolgan,MEDU-499303-2,Telamania Srl,GILNB241101103,T,2025-02-19,,
2025-02-19,11:00,Exolgan,UETU-649600-8,Telamania Srl,NBOE24011092,TD,2025-02-19,1373,http://dassa.mqbic.com/PublicTally.php?id=1373
2025-02-19,11:00,Exolgan,CAIU-869529-3,Telamania Srl,NBOE24011091,T,2025-02-19,,
2025-01-20,13:00,Exolgan,MSBU-650454-7,Telamania Srl,GILNB241000570,TD,2025-01-20,1234,http://dassa.mqbic.com/PublicTally.php?id=1234
2025-02-04,15:00,Exolgan,MEDU-893298-7,Telamania Srl,GILNB241100264,TD,2025-02-04,1288,http://dassa.mqbic.com/PublicTally.php?id=1288
2025-02-04,15:00,Exolgan,MSNU-775219-1,Telamania Srl,GILNB241100420,T,2025-02-04,,
2025-02-04,15:00,Exolgan,MSNU-978016-6,Telamania Srl,GILNB241100422,T,2025-02-04,,
2025-02-04,15:00,Exolgan,TCNU-624105-8,Telamania Srl,GILNB241100452,TD,2025-02-04,1291,http://dassa.mqbic.com/PublicTally.php?id=1291
2025-02-06,15:00,Exolgan,MSDU-578824-0,Telamania Srl,SHOE24007358,TD,2025-02-06,1299,http://dassa.mqbic.com/PublicTally.php?id=1299
2025-01-15,07:00,Exolgan,TCNU-649432-8,Telamania Srl,NBOE24009856,TD,2025-01-15,1221,http://dassa.mqbic.com/PublicTally.php?id=1221
2025-01-15,11:00,Exolgan,UACU-561834-4,Telamania Srl,NBOE24009854,TD,2025-01-15,1223,http://dassa.mqbic.com/PublicTally.php?id=1223
2025-01-17,15:00,Exolgan,CAIU-421446-6,Telamania Srl,NBOE24009858,T,2025-01-17,,
2025-01-20,13:00,Exolgan,MSBU-650966-2,Telamania Srl,GILN241000501,TD,2025-01-20,1232,http://dassa.mqbic.com/PublicTally.php?id=1232
2025-01-20,13:00,Exolgan,MEDU-736441-3,Telamania Srl,GILNB241000571,T,2025-01-20,,
2025-01-20,13:00,Exolgan,MSDU-854178-4,Telamania Srl,GILNB241000572,TD,2025-01-20,1235,http://dassa.mqbic.com/PublicTally.php?id=1235
2025-03-13,13:00,Terminal 4,MRKU-881096-9,Curtiembre Infante Sa,249002118,TD,2025-03-13,1553,http://dassa.mqbic.com/PublicTally.php?id=1553
2025-03-13,13:00,Terminal 4,MRKU-822639-0,Curtiembre Infante Sa,249002118,TD,2025-03-13,1554,http://dassa.mqbic.com/PublicTally.php?id=1554
2025-03-12,21:00,TRP,OOCU-821613-1,Levy Jonathan Netanel,TCNB2501647,T,2025-03-12,,
2024-12-27,18:00,Terminal 4,ZCSU-713684-8,Grupo Simpa Sa,TCSH2410132,TD,2024-12-27,1087,http://dassa.mqbic.com/PublicTally.php?id=1087
2024-12-27,14:00,Terminal 4,FCBU-020230-4,Grupo Simpa Sa,TCSH2410007,TD,2024-12-27,1071,http://dassa.mqbic.com/PublicTally.php?id=1071
2024-12-27,14:00,Terminal 4,ZCSU-790636-3,Grupo Simpa Sa,TCSH2410007,TD,2024-12-27,1072,http://dassa.mqbic.com/PublicTally.php?id=1072
2024-12-30,20:00,Terminal 4,TEMU-725533-3,Grupo Simpa Sa,TCXM2411016A/B,TD,2024-12-31,1100,http://dassa.mqbic.com/PublicTally.php?id=1100
2024-12-30,20:00,Terminal 4,TEMU-725533-3,Grupo Simpa Sa,TCXM2411016A/B,TD,2024-12-31,1100,http://dassa.mqbic.com/PublicTally.php?id=1100
2024-12-30,20:00,Terminal 4,GSLU-205018-3,Grupo Simpa Sa,TCXM2411016A,TD,2024-12-31,1101,http://dassa.mqbic.com/PublicTally.php?id=1101
2024-12-30,20:00,Terminal 4,ZIMU-288623-7,Grupo Simpa Sa,TCNB2411207,TD,2024-12-31,1102,http://dassa.mqbic.com/PublicTally.php?id=1102
2025-04-03,20:00,TRP,HMMU-622400-8,Grupo Simpa Sa,S01356386,T,2025-04-03,,
2025-04-14,11:00,Terminal 4,MAGU-545646-7,Grupo Simpa Sa,TCNB2503029A/B/,T,2025-04-14,,
2025-04-14,11:00,Terminal 4,MAGU-545646-7,Grupo Simpa Sa,TCNB2503029A/B/,T,2025-04-14,,
2025-03-26,20:00,TRP,HMMU-656463-0,Grupo Simpa Sa,NBOBUE25011823,T,2025-03-26,,
2025-03-26,19:00,TRP,HMMU-607687-3,Grupo Simpa Sa,NBOBUE25011823,T,2025-03-26,,
2025-04-03,23:00,Exolgan,TXGU-505377-9,Grupo Simpa Sa,202500623001,TD,2025-04-03,1664,http://dassa.mqbic.com/PublicTally.php?id=1664
2025-04-03,16:00,TRP,TCLU-540952-0,Grupo Simpa Sa,S01352118,T,2025-04-03,,
2025-04-03,18:00,TRP,KOCU-511120-9,Grupo Simpa Sa,S01352145,T,2025-04-03,,
2025-04-03,19:00,TRP,KOCU-502959-6,Grupo Simpa Sa,S01352205,T,2025-04-03,,
2025-03-26,20:00,TRP,HMMU-601936-4,Grupo Simpa Sa,NBOBUE25010226,T,2025-03-26,,
2025-03-26,16:00,TRP,HMMU-638461-8,Grupo Simpa Sa,NBOBUE25011823,T,2025-03-26,,
2025-03-26,17:00,TRP,HMMU-689146-4,Grupo Simpa Sa,NBOBUE25011823,T,2025-03-26,,
2025-03-26,16:00,TRP,TCNU-503642-3,Grupo Simpa Sa,NBOBUE25011823,T,2025-03-26,,
2025-03-26,18:00,TRP,TGBU-648114-6,Grupo Simpa Sa,NBOBUE25011823,T,2025-03-26,,
2025-03-26,20:00,TRP,TIIU-593946-5,Grupo Simpa Sa,NBOBUE25011823,T,2025-03-26,,
2025-03-26,16:00,TRP,HMMU-646566-4,Grupo Simpa Sa,S01350547,T,2025-03-26,,
2025-03-26,21:00,TRP,HMMU-607547-6,Grupo Simpa Sa,S01349324,T,2025-03-26,,
2025-03-26,19:00,TRP,HMMU-666943-6,Grupo Simpa Sa,NBOBUE25010226,T,2025-03-26,,
2025-03-26,19:00,TRP,GAOU-618372-2,Grupo Simpa Sa,NBOBUE25010226,T,2025-03-26,,
2025-03-26,18:00,TRP,KOCU-522329-8,Grupo Simpa Sa,NBOBUE25010226,T,2025-03-26,,
2025-03-26,20:00,TRP,KOCU-419716-8,Grupo Simpa Sa,NBOBUE25010226,T,2025-03-26,,
2024-12-30,13:00,Terminal 4,ZCSU-748314-8,Grupo Simpa Sa,TCSH2410265A/B/C,TD,2024-12-30,1098,http://dassa.mqbic.com/PublicTally.php?id=1098
2024-12-30,13:00,Terminal 4,ZCSU-748314-8,Grupo Simpa Sa,TCSH2410265A/B/C,TD,2024-12-30,1098,http://dassa.mqbic.com/PublicTally.php?id=1098
2024-12-30,13:00,Terminal 4,ZCSU-748314-8,Grupo Simpa Sa,TCSH2410265A/B/C,TD,2024-12-30,1098,http://dassa.mqbic.com/PublicTally.php?id=1098
2024-12-30,14:00,Terminal 4,ZCSU-707134-6,Grupo Simpa Sa,TCNB2410541,TD,2024-12-30,1105,http://dassa.mqbic.com/PublicTally.php?id=1105
2025-01-03,19:00,Exolgan,MSDU-453787-3,Grupo Simpa Sa,202408749001,TD,2025-01-03,1151,http://dassa.mqbic.com/PublicTally.php?id=1151
2025-03-26,18:00,TRP,HMMU-622094-9,Grupo Simpa Sa,S01350097,T,2025-03-26,,
2024-12-30,20:00,Terminal 4,ZCSU-850309-0,Grupo Simpa Sa,TCNB2411207,TD,2024-12-31,1119,http://dassa.mqbic.com/PublicTally.php?id=1119
2024-12-30,17:00,Terminal 4,WBPU-705626-4,Grupo Simpa Sa,TCSH2410264,TD,2024-12-30,1103,http://dassa.mqbic.com/PublicTally.php?id=1103
2024-12-30,17:00,Terminal 4,TLLU-459581-3,Grupo Simpa Sa,TCSH2410264,TD,2024-12-30,1120,http://dassa.mqbic.com/PublicTally.php?id=1120
2024-12-30,17:00,Terminal 4,TCLU-815832-5,Grupo Simpa Sa,TCSH2410264,TD,2024-12-30,1104,http://dassa.mqbic.com/PublicTally.php?id=1104
2024-12-30,18:00,Terminal 4,TLLU-486004-9,Grupo Simpa Sa,TCNB2411014,TD,2024-12-30,1109,http://dassa.mqbic.com/PublicTally.php?id=1109
2024-12-30,18:00,Terminal 4,ZCSU-658827-3,Grupo Simpa Sa,TCNB2411014,TD,2024-12-30,1110,http://dassa.mqbic.com/PublicTally.php?id=1110
2025-01-22,13:00,Exolgan,HLBU-212513-0,Mak. Plast S.R.L.,SHOE24006292,TD,2025-01-22,1240,http://dassa.mqbic.com/PublicTally.php?id=1240
2024-12-18,13:00,Exolgan,FFAU-396858-6,Magnolias Commerce S.R.L,HPHNOE2410025,T,2024-12-18,,
2024-12-19,10:00,Terminal 4,HLBU-127175-8,Trice Transport Company Srl,HLCUBSC241179163,TD,2024-12-19,1063,http://dassa.mqbic.com/PublicTally.php?id=1063
2024-12-19,10:00,Terminal 4,HLBU-127175-8,Trice Transport Company Srl,HLCUBSC241179163,TD,2024-12-19,1063,http://dassa.mqbic.com/PublicTally.php?id=1063
2024-12-20,07:00,Terminal 4,STBU-391746-2,Varteco Quimica Puntana S.A.,HLCUBSC2410BZYS4,T,2024-12-20,,
2024-12-23,11:00,Exolgan,BMOU-428840-6,Nelo Sa,SSE24004883,T,2024-12-23,,
2025-01-02,13:00,Terminal 4,MRSU-484812-5,Nelo Sa,BL2418159,T,2025-01-02,1128,http://dassa.mqbic.com/PublicTally.php?id=1128
2025-01-31,11:00,Exolgan,MSMU-655947-7,Nelo Sa,3021338,TD,2025-01-31,1275,http://dassa.mqbic.com/PublicTally.php?id=1275
2024-12-23,17:00,TRP,CSNU-784776-4,Breyer Hnos S A,SAA240902593,TD,2024-12-23,1069,http://dassa.mqbic.com/PublicTally.php?id=1069
2025-02-14,08:00,Terminal 4,ZCSU-792871-6,Breyer Hnos S A,DLSZ24120451,TD,2025-02-14,1353,http://dassa.mqbic.com/PublicTally.php?id=1353
2025-01-07,13:00,Exolgan,TEMU-584538-8,Finest Global Sports,411BMX1507/1,T,2025-01-07,,
2024-12-30,13:00,Exolgan,MSMU-460776-6,Molinos Tarquini Sa,DOD780201,T,2024-12-30,,
2025-01-06,11:00,Terminal 4,MAEU-347612-7,Carlos Daniel Pona,ALMR2174BUE,TD,2025-01-06,1161,http://dassa.mqbic.com/PublicTally.php?id=1161
2025-01-06,11:00,Terminal 4,MNBU-305157-7,Nikin Srl,245505799,TD,2025-01-06,1160,http://dassa.mqbic.com/PublicTally.php?id=1160
2025-01-10,15:00,TRP,PCIU-612131-3,Trading Sud S.R.L.,OLGM246853,T,2025-01-10,,
2025-01-14,13:00,Terminal 4,SUDU-871599-3,Mac Donald Hermanos Srl,BATT0576,TD,2025-01-14,1214,http://dassa.mqbic.com/PublicTally.php?id=1214
2025-01-31,13:00,TRP,HMMU-713957-5,Mac Donald Hermanos Srl,BATT4700,T,2025-01-31,,
2025-01-24,13:00,Terminal 4,MBIU-827765-6,Grupo Rsm Srl,ZIMUSHH31556671,TD,2025-01-24,1247,http://dassa.mqbic.com/PublicTally.php?id=1247
2025-01-24,13:00,Terminal 4,MBIU-827765-6,Grupo Rsm Srl,ZIMUSHH31556671,TD,2025-01-24,1247,http://dassa.mqbic.com/PublicTally.php?id=1247
2025-01-31,16:00,TRP,CMAU-838478-2,Grupo Rsm Srl,IBC1292539,TD,2025-01-31,1287,http://dassa.mqbic.com/PublicTally.php?id=1287
2025-01-31,16:00,TRP,CMAU-838478-2,Grupo Rsm Srl,IBC1292539,TD,2025-01-31,1287,http://dassa.mqbic.com/PublicTally.php?id=1287
2025-02-26,05:00,Exolgan,TRHU-612118-5,Grupo Rsm Srl,MEDUOK662254,TD,2025-02-26,1437,http://dassa.mqbic.com/PublicTally.php?id=1437
2025-02-26,05:00,Exolgan,TRHU-612118-5,Grupo Rsm Srl,MEDUOK662254,TD,2025-02-26,1437,http://dassa.mqbic.com/PublicTally.php?id=1437
2025-04-15,02:00,TRP,CSNU-233726-4,Grupo Rsm Srl,COSU6409459290,T,,,
2025-02-06,07:00,Exolgan,TCLU-909872-4,Grapot Sa,NBOE24010677,T,2025-02-06,,
2025-02-14,13:00,Exolgan,MEDU-868499-9,Grapot Sa,7624AR137854,T,2025-02-14,,
2025-02-21,13:00,Exolgan,MSBU-510409-0,Grapot Sa,SHOE24007436,T,2025-02-21,,
2025-03-06,13:00,Exolgan,DFSU-763523-9,Grapot Sa,XNOE24001241,T,2025-03-06,,
2025-03-06,13:00,Exolgan,MSDU-426219-0,Grapot Sa,NBOE24011814,T,2025-03-06,,
2025-03-12,13:00,Exolgan,MSDU-550305-5,Grapot Sa,XNOE25001352A/B,T,2025-03-12,,
2025-03-12,13:00,Exolgan,MSDU-550305-5,Grapot Sa,XNOE25001352A/B,T,2025-03-12,,
2025-03-25,15:00,Exolgan,FFAU-396985-4,Grapot Sa,SHOE24008160,T,2025-03-25,,
2025-01-31,13:00,Terminal 4,MRKU-255612-1,Ionatex Srl,EXPLV248044A,T,2025-01-31,,
2025-02-24,16:00,Terminal 4,ZCSU-777653-1,Ionatex Srl,EXPLV248099A,T,2025-02-24,,
2025-01-31,13:00,Terminal 4,TCLU-156889-0,La Nueva Textil De Lugano Srl,NBOBUE24011229,T,2025-01-31,,
2025-02-14,08:00,Terminal 4,MRSU-714425-9,La Nueva Textil De Lugano Srl,SHOE24008003,T,2025-02-14,,
2025-03-06,15:00,Exolgan,MSBU-522621-0,La Nueva Textil De Lugano Srl,NBOE24011702,T,2025-03-06,,
2025-03-06,15:00,Exolgan,MEDU-462582-7,La Nueva Textil De Lugano Srl,NBOE24011926,T,2025-03-06,,
2025-03-11,13:00,Exolgan,MSDU-569194-4,La Nueva Textil De Lugano Srl,NBOE24012101,T,2025-03-11,,
2025-03-25,19:00,Exolgan,MSBU-827620-9,La Nueva Textil De Lugano Srl,NBOE25012862,T,2025-03-26,,
2025-03-27,11:00,Exolgan,MEDU-945719-8,La Nueva Textil De Lugano Srl,NBOE25012866,T,2025-03-27,,
2025-01-27,14:00,Terminal 4,CAIU-627049-5,Targuet Music Sa,HTNB24110142,T,2025-01-27,,
2025-01-28,13:00,Exolgan,MEDU-769279-4,Hilansur S.A.,MEDUVW155281,TD,2025-01-28,1260,http://dassa.mqbic.com/PublicTally.php?id=1260
2025-01-28,13:00,Exolgan,MEDU-769279-4,Hilansur S.A.,MEDUVW155281,TD,2025-01-28,1260,http://dassa.mqbic.com/PublicTally.php?id=1260
2025-02-06,15:00,Exolgan,MSDU-823737-0,Candalar S.A.,NBOE24010592,T,2025-02-06,,
2025-02-06,15:00,Exolgan,CAIU-485169-6,Candalar S.A.,NBOE24010853,T,2025-02-06,,
2025-02-14,13:00,Exolgan,MEDU-765976-0,Candalar S.A.,NBOE24011844,T,2025-02-14,,
2025-02-18,13:00,Exolgan,MSMU-759529-4,Candalar S.A.,NBOE24011419,T,2025-02-18,,
2025-03-17,11:00,Exolgan,TLLU-860392-2,Candalar S.A.,NBOE25012380,T,2025-03-17,,
2025-02-06,15:00,Exolgan,FFAU-306584-1,Jakytextil S.A.,NBOE24010694,T,2025-02-06,,
2025-02-06,15:00,Exolgan,MSDU-658514-5,Jakytextil S.A.,NBOE24010993,T,2025-02-06,,
2025-02-19,07:00,Exolgan,MSNU-506741-3,Jakytextil S.A.,NBOE24010512,T,2025-02-19,,
2025-02-24,16:00,Terminal 4,CAAU-531572-0,Jakytextil S.A.,NBOE24012132,T,2025-02-24,,
2025-02-24,16:00,Terminal 4,MSKU-091728-0,Jakytextil S.A.,NBOE24012072,T,2025-02-24,,
2025-03-11,13:00,Exolgan,MSDU-892727-3,Jakytextil S.A.,NBOE25012225,TD,2025-03-11,1534,http://dassa.mqbic.com/PublicTally.php?id=1534
2025-03-25,19:00,Exolgan,MSBU-653244-6,Jakytextil S.A.,NBOE25012758,TD,2025-03-25,1609,http://dassa.mqbic.com/PublicTally.php?id=1609
2025-03-25,19:00,Exolgan,TGBU-405393-5,Jakytextil S.A.,NBOE250127669,TD,2025-03-26,1610,http://dassa.mqbic.com/PublicTally.php?id=1610
2025-03-25,16:00,Terminal 4,TEMU-749857-0,Jakytextil S.A.,NBOE25012869,TD,2025-03-25,1615,http://dassa.mqbic.com/PublicTally.php?id=1615
2025-02-24,07:00,Exolgan,MSBU-817288-4,Jakytextil S.A.,NBOE24011486,T,2025-02-24,,
2025-03-06,13:00,Exolgan,MSNU-775408-6,Jakytextil S.A.,NBOE24011375,T,2025-03-06,,
2025-03-06,13:00,Exolgan,MSDU-853117-4,Jakytextil S.A.,NBOE24011879,T,2025-03-06,,
2025-03-07,05:00,Exolgan,MSDU-675153-9,Jakytextil S.A.,NBOE24011726,T,2025-03-07,,
2025-03-07,05:00,Exolgan,CAAU-921615-5,Jakytextil S.A.,NBOE25012565,T,2025-03-07,,
2025-03-11,13:00,Exolgan,CAAU-691456-9,Jakytextil S.A.,NBOE24012016,TD,2025-03-11,1537,http://dassa.mqbic.com/PublicTally.php?id=1537
2025-02-06,15:00,Exolgan,MSNU-973308-2,Ledorot S.A.,GILNB241100419,TD,2025-02-06,,
2025-02-28,05:00,Exolgan,FFAU-262990-5,Ledorot S.A.,GILNB241200332,T,2025-02-28,,
2025-03-18,19:00,TRP,HMMU-627306-5,Ledorot S.A.,WLLSH2501036,T,2025-03-18,,
2025-03-25,17:00,TRP,KOCU-483537-0,Ledorot S.A.,NESHTR2501205,T,2025-03-25,,
2025-01-30,08:00,Terminal 4,MSKU-628902-5,Infilo S.R.L.,247297415,TD,2025-01-30,1270,http://dassa.mqbic.com/PublicTally.php?id=1270
2025-01-30,08:00,Terminal 4,MRKU-055130-5,Infilo S.R.L.,247297415,TD,2025-01-30,1271,http://dassa.mqbic.com/PublicTally.php?id=1271
2025-02-10,11:00,Exolgan,TGCU-215821-0,Seagull Logistica Srl,MEDUGD930947,TD,2025-02-10,1318,http://dassa.mqbic.com/PublicTally.php?id=1318
2025-02-19,07:00,Exolgan,MEDU-459167-1,Mazon Textil Sa,NBOE24009796,T,2025-02-19,,
2025-03-01,07:00,Exolgan,MSCU-444313-2,Full Container Logistics Argentina Sas,MEDUFK118265,TD,2025-03-01,1466,http://dassa.mqbic.com/PublicTally.php?id=1466
2025-03-01,07:00,Exolgan,MSMU-540333-0,Full Container Logistics Argentina Sas,MEDUFK118265,T,2025-03-01,,
2025-02-28,17:00,TRP,OOCU-892498-0,Fedtex S.R.L,TWLE25010032,TD,2025-02-28,1486,http://dassa.mqbic.com/PublicTally.php?id=1486
2025-02-28,17:00,TRP,OOCU-892498-0,Fedtex S.R.L,TWLE25010032,TD,2025-02-28,1486,http://dassa.mqbic.com/PublicTally.php?id=1486
2025-04-09,11:00,Exolgan,UETU-691539-9,Fedtex S.R.L,GILNB250100428,T,2025-04-09,,
2025-04-15,02:00,TRP,TEMU-609424-0,Fedtex S.R.L,TWLE25020109,T,,,
2025-02-21,15:00,TRP,PCIU-799172-4,Inversiones Para El Agro Sa,ENBFL24110012,TD,2025-02-21,1393,http://dassa.mqbic.com/PublicTally.php?id=1393
2025-02-21,17:00,Terminal 4,BMOU-243778-0,Lumpini Trade Srl,248586206,T,2025-02-21,,
2025-02-28,05:00,Exolgan,TCNU-141547-6,Chelatex Sas,GILNB241201124,T,2025-02-28,1450,http://dassa.mqbic.com/PublicTally.php?id=1450
2025-02-28,05:00,Exolgan,TGBU-801711-3,Chelatex Sas,GILNB241200526,T,2025-02-28,,
2025-02-28,05:00,Exolgan,MSDU-866155-8,Chelatex Sas,GILNB241200745,T,2025-02-28,,
2025-03-11,11:00,Exolgan,MSNU-735736-6,Chelatex Sas,GILNB241200851,T,2025-03-11,1539,http://dassa.mqbic.com/PublicTally.php?id=1539
2025-03-11,11:00,Exolgan,UETU-755072-0,Chelatex Sas,GILNB241200838,TD,2025-03-11,1540,http://dassa.mqbic.com/PublicTally.php?id=1540
2025-03-06,15:00,Exolgan,UETU-626850-1,Parnacar S.A,NBOE24011922,T,2025-03-06,,
2025-03-11,13:00,Exolgan,MSNU-659961-6,Parnacar S.A,NBOE25012319,T,2025-03-11,,
2025-02-28,21:00,Terminal 4,MRKU-869281-9,Rs Stones Srl,EXMFL25010011,T,2025-02-28,,
2025-03-07,05:00,Exolgan,MSMU-105664-9,Dromex Srl,MEDUVW861805,TD,2025-03-07,1508,http://dassa.mqbic.com/PublicTally.php?id=1508
2025-03-11,07:00,Exolgan,MSNU-252437-3,Grupo De Asesoramiento Empresario S.A.,MEDUVG583978,TD,2025-03-11,1530,http://dassa.mqbic.com/PublicTally.php?id=1530
2025-03-11,07:00,Exolgan,MSNU-252437-3,Grupo De Asesoramiento Empresario S.A.,MEDUVG583978,TD,2025-03-11,1530,http://dassa.mqbic.com/PublicTally.php?id=1530
2025-03-18,16:00,TRP,EMCU-175212-3,E A Balbi E Hijos S A,BK2530036,T,2025-03-18,,
2025-03-18,17:00,TRP,EMCU-995084-5,E A Balbi E Hijos S A,BK2530036,T,2025-03-18,,
2025-03-25,19:00,Exolgan,CAIU-475256-4,E A Balbi E Hijos S A,GILSH241200241,T,2025-03-25,,
2025-03-28,13:00,TRP,EGSU-179756-0,E A Balbi E Hijos S A,BK2530101,T,2025-03-28,,
2025-04-09,08:00,TRP,KOCU-413295-3,Comunicaciones Valles Calchaquies Srl,HDMUSZPM76811000,TD,2025-04-09,1689,http://dassa.mqbic.com/PublicTally.php?id=1689
2025-03-27,21:00,TRP,KOCU-449984-6,Domingo A. Capria S.A.,KDCW24120115,TD,2025-03-27,1637,http://dassa.mqbic.com/PublicTally.php?id=1637
2025-03-27,21:00,TRP,KOCU-484533-7,Domingo A. Capria S.A.,KDCW24120115,TD,2025-03-27,1638,http://dassa.mqbic.com/PublicTally.php?id=1638
2025-04-04,05:00,Exolgan,TCNU-130623-8,Crosby Argentina S.A.,S00014066,T,2025-04-04,,
